Time,Scenario,Bandwidth_Mbps,Latency_ms,CPU_Usage_percent,Task_Size_MB
1,Stable,85,19,20,5
2,Stable,78,21,24,2
3,Stable,85,19,38,7
4,Stable,75,18,22,4
5,Stable,78,18,37,4
6,Stable,85,24,27,8
7,Stable,84,22,20,3
8,Stable,81,23,28,3
9,Stable,78,23,23,2
10,Stable,81,19,31,6
11,Stable,84,22,21,8
12,Stable,83,19,32,2
13,Stable,83,22,40,10
14,Stable,80,21,22,1
15,Stable,85,21,29,2
16,Stable,78,19,32,5
17,Stable,82,23,25,6
18,Stable,80,21,28,2
19,Stable,84,20,37,4
20,Stable,77,25,32,5
21,Stable,85,21,30,1
22,Stable,78,18,30,7
23,Stable,79,19,26,10
24,Stable,80,21,40,8
25,Stable,81,25,24,5
26,Stable,77,21,37,9
27,Stable,79,24,38,7
28,Stable,80,21,24,9
29,Stable,82,19,21,2
30,Stable,77,20,33,10
31,Stable,76,24,32,10
32,Stable,82,22,37,1
33,Stable,85,19,37,5
34,Stable,85,23,23,5
35,Stable,81,20,34,1
36,Stable,79,20,36,2
37,Stable,85,22,40,9
38,Stable,84,21,24,6
39,Stable,77,18,39,6
40,Stable,82,18,23,6
41,Stable,79,21,21,4
42,Stable,84,19,22,8
43,Stable,76,20,24,8
44,Stable,83,20,28,9
45,Stable,84,24,26,9
46,Stable,78,22,32,6
47,Stable,82,25,23,4
48,Stable,78,19,30,1
49,Stable,84,21,38,4
50,Stable,75,19,40,1
51,Stable,78,19,21,6
52,Stable,76,21,28,8
53,Stable,78,20,38,10
54,Stable,82,21,35,7
55,Stable,78,19,23,7
56,Stable,80,24,33,8
57,Stable,75,19,21,7
58,Stable,80,19,27,4
59,Stable,78,25,24,7
60,Stable,77,22,34,4
61,Stable,76,25,37,2
62,Stable,75,18,22,4
63,Stable,77,24,35,8
64,Stable,78,24,21,3
65,Stable,81,18,32,5
66,Stable,82,22,33,9
67,Stable,85,25,24,4
68,Stable,79,21,21,10
69,Stable,83,18,30,1
70,Stable,75,25,36,9
71,Stable,77,18,36,2
72,Stable,77,19,39,2
73,Stable,85,21,32,2
74,Stable,84,21,38,10
75,Stable,75,19,33,10
76,Stable,84,23,28,4
77,Stable,85,23,27,5
78,Stable,81,20,40,5
79,Stable,82,23,22,1
80,Stable,82,19,22,9
81,Stable,78,22,24,6
82,Stable,76,21,31,5
83,Stable,77,25,37,5
84,Stable,84,18,37,5
85,Stable,85,19,24,5
86,Stable,76,19,37,3
87,Stable,79,22,39,4
88,Stable,80,21,40,5
89,Stable,83,25,28,1
90,Stable,76,24,28,1
91,Stable,75,23,24,5
92,Stable,77,25,37,7
93,Stable,83,18,23,2
94,Stable,77,18,31,10
95,Stable,83,20,33,3
96,Stable,75,22,31,1
97,Stable,80,21,27,2
98,Stable,80,24,39,3
99,Stable,78,20,25,7
100,Stable,75,20,30,7
101,Stable,85,21,28,3
102,Stable,76,24,21,8
103,Stable,78,21,34,6
104,Stable,79,21,27,1
105,Stable,85,21,32,6
106,Stable,79,19,28,6
107,Stable,85,24,37,6
108,Stable,75,19,28,3
109,Stable,84,22,21,2
110,Stable,84,24,31,6
111,Stable,81,19,32,10
112,Stable,78,22,21,7
113,Stable,75,21,31,7
114,Stable,76,23,39,6
115,Stable,85,19,29,9
116,Stable,79,24,30,7
117,Stable,79,20,26,7
118,Stable,85,24,25,10
119,Stable,84,22,32,9
120,Stable,75,22,29,4
121,Stable,81,23,34,8
122,Stable,82,21,36,8
123,Stable,77,19,29,9
124,Stable,85,23,22,4
125,Stable,85,22,27,4
126,Stable,77,18,21,4
127,Stable,82,19,34,7
128,Stable,85,21,32,8
129,Stable,81,21,24,1
130,Stable,76,24,27,3
131,Stable,83,25,21,9
132,Stable,78,19,34,3
133,Stable,82,23,34,10
134,Stable,83,24,37,8
135,Stable,77,25,34,5
136,Stable,78,22,36,8
137,Stable,85,21,28,8
138,Stable,76,22,27,5
139,Stable,80,23,37,2
140,Stable,77,20,27,7
141,Stable,77,21,22,7
142,Stable,81,23,37,8
143,Stable,81,18,26,7
144,Stable,81,18,38,7
145,Stable,82,18,31,5
146,Stable,81,24,37,9
147,Stable,84,21,35,4
148,Stable,79,24,35,1
149,Stable,81,23,32,3
150,Stable,82,20,39,9
151,Stable,75,24,38,10
152,Stable,85,18,22,7
153,Stable,77,25,25,1
154,Stable,79,24,30,4
155,Stable,82,23,30,7
156,Stable,79,24,28,2
157,Stable,82,18,37,1
158,Stable,80,21,40,2
159,Stable,85,18,20,4
160,Stable,78,18,39,3
161,Stable,78,20,35,2
162,Stable,84,21,34,5
163,Stable,80,20,39,10
164,Stable,76,20,29,2
165,Stable,84,18,29,10
166,Stable,85,24,32,4
167,Stable,76,21,23,5
168,Stable,85,19,38,1
169,Stable,80,24,31,2
170,Stable,83,23,20,7
171,Stable,82,19,33,6
172,Stable,85,25,24,7
173,Stable,77,22,39,9
174,Stable,82,25,33,10
175,Stable,79,23,27,2
176,Stable,79,25,27,8
177,Stable,84,24,30,1
178,Stable,82,23,25,8
179,Stable,78,23,28,6
180,Stable,79,22,37,1
181,Stable,83,21,22,4
182,Stable,81,25,37,4
183,Stable,82,25,34,1
184,Stable,76,22,27,7
185,Stable,78,22,38,6
186,Stable,82,23,33,9
187,Stable,80,23,34,5
188,Stable,79,22,27,2
189,Stable,78,23,23,9
190,Stable,77,21,26,8
191,Stable,79,22,23,4
192,Stable,79,21,31,3
193,Stable,79,18,37,3
194,Stable,79,18,21,9
195,Stable,79,20,40,8
196,Stable,76,18,38,5
197,Stable,82,25,34,6
198,Stable,77,18,28,8
199,Stable,76,19,32,8
200,Stable,76,18,24,3
201,Stable,84,22,22,4
202,Stable,76,24,39,10
203,Stable,84,21,36,7
204,Stable,82,25,29,10
205,Stable,81,22,38,10
206,Stable,75,19,26,4
207,Stable,79,19,25,4
208,Stable,77,19,25,1
209,Stable,81,25,39,8
210,Stable,79,18,27,5
211,Stable,79,25,22,4
212,Stable,79,21,33,2
213,Stable,83,21,40,3
214,Stable,79,20,22,1
215,Stable,77,22,39,10
216,Stable,79,25,23,8
217,Stable,79,24,28,9
218,Stable,83,25,34,2
219,Stable,84,18,33,6
220,Stable,84,22,20,2
221,Stable,78,18,28,10
222,Stable,75,20,35,9
223,Stable,85,25,28,3
224,Stable,84,24,40,8
225,Stable,76,25,31,7
226,Stable,80,23,23,3
227,Stable,80,24,35,5
228,Stable,85,24,37,1
229,Stable,82,19,30,5
230,Stable,80,19,32,9
231,Stable,75,25,33,1
232,Stable,78,23,39,8
233,Stable,85,25,21,4
234,Stable,79,20,29,8
235,Stable,82,19,20,10
236,Stable,78,20,29,9
237,Stable,75,24,22,4
238,Stable,76,25,23,3
239,Stable,82,22,36,5
240,Stable,81,25,35,4
241,Stable,82,20,32,4
242,Stable,84,20,22,5
243,Stable,81,23,36,5
244,Stable,75,22,29,10
245,Stable,84,25,24,8
246,Stable,83,25,31,6
247,Stable,83,24,34,6
248,Stable,78,21,38,7
249,Stable,78,24,21,6
250,Stable,82,24,32,3
251,Stable,82,18,24,9
252,Stable,84,23,23,8
253,Stable,76,25,20,3
254,Stable,81,20,22,8
255,Stable,79,23,39,7
256,Stable,85,19,30,9
257,Stable,81,23,40,8
258,Stable,83,18,39,2
259,Stable,78,22,27,2
260,Stable,81,19,40,2
261,Stable,82,20,29,1
262,Stable,75,23,21,5
263,Stable,80,23,33,3
264,Stable,78,24,38,3
265,Stable,77,20,22,10
266,Stable,81,21,35,10
267,Stable,77,21,34,5
268,Stable,82,22,20,8
269,Stable,79,20,22,8
270,Stable,80,22,40,7
271,Stable,79,25,29,4
272,Stable,81,25,23,4
273,Stable,81,23,38,5
274,Stable,79,18,32,5
275,Stable,75,18,39,8
276,Stable,79,21,39,6
277,Stable,78,21,39,5
278,Stable,85,20,40,2
279,Stable,85,18,29,8
280,Stable,75,23,24,2
281,Stable,79,23,33,3
282,Stable,78,20,37,6
283,Stable,83,22,25,5
284,Stable,82,22,30,2
285,Stable,82,19,24,4
286,Stable,85,24,37,6
287,Stable,76,24,20,5
288,Stable,83,19,34,6
289,Stable,85,22,38,7
290,Stable,85,23,23,4
291,Stable,82,18,39,9
292,Stable,80,21,40,2
293,Stable,85,25,29,7
294,Stable,76,20,21,1
295,Stable,79,25,23,2
296,Stable,78,20,32,8
297,Stable,80,24,38,3
298,Stable,81,19,35,10
299,Stable,81,22,21,6
300,Stable,78,25,34,4
301,Stable,80,19,31,9
302,Stable,85,23,21,7
303,Stable,79,21,23,8
304,Stable,76,21,40,10
305,Stable,75,18,30,4
306,Stable,77,21,22,9
307,Stable,78,21,27,6
308,Stable,77,18,28,3
309,Stable,77,22,25,2
310,Stable,85,18,24,1
311,Stable,80,21,38,6
312,Stable,75,20,28,1
313,Stable,77,24,36,2
314,Stable,76,25,34,6
315,Stable,83,19,34,9
316,Stable,78,18,36,5
317,Stable,82,18,21,8
318,Stable,81,24,23,8
319,Stable,82,19,22,6
320,Stable,84,20,22,3
321,Stable,79,23,32,10
322,Stable,83,22,34,9
323,Stable,84,24,23,2
324,Stable,85,21,33,8
325,Stable,78,24,30,8
326,Stable,81,24,23,6
327,Stable,81,23,28,6
328,Stable,77,25,22,2
329,Stable,76,19,33,2
330,Stable,80,20,37,1
331,Stable,84,23,23,7
332,Stable,80,24,21,5
333,Stable,84,22,31,2
334,Stable,84,21,24,8
335,Stable,78,19,31,9
336,Stable,80,19,28,10
337,Stable,78,24,37,10
338,Stable,84,18,39,5
339,Stable,75,20,28,5
340,Stable,80,23,20,3
341,Stable,77,24,22,3
342,Stable,85,18,22,9
343,Stable,78,24,33,8
344,Stable,80,20,31,5
345,Stable,80,19,21,3
346,Stable,77,18,22,5
347,Stable,82,24,35,10
348,Stable,82,24,28,4
349,Stable,83,19,31,7
350,Stable,76,22,38,8
351,Stable,83,22,21,4
352,Stable,81,18,20,4
353,Stable,79,21,24,5
354,Stable,79,23,23,1
355,Stable,82,24,25,3
356,Stable,81,21,36,9
357,Stable,85,23,22,7
358,Stable,75,24,20,8
359,Stable,76,23,38,7
360,Stable,84,24,40,7
361,Stable,79,19,32,1
362,Stable,80,20,39,8
363,Stable,80,19,33,2
364,Stable,78,24,38,7
365,Stable,83,19,32,5
366,Stable,80,21,30,3
367,Stable,76,19,36,9
368,Stable,78,23,31,3
369,Stable,78,19,24,5
370,Stable,78,20,39,3
371,Stable,85,19,25,8
372,Stable,82,25,38,10
373,Stable,80,23,24,8
374,Stable,76,25,34,5
375,Stable,79,18,31,9
376,Stable,76,22,34,8
377,Stable,75,18,31,5
378,Stable,76,19,39,10
379,Stable,83,24,34,10
380,Stable,83,18,34,10
381,Stable,85,21,30,10
382,Stable,82,20,21,8
383,Stable,76,23,22,9
384,Stable,85,20,21,4
385,Stable,82,25,36,9
386,Stable,84,20,31,6
387,Stable,79,24,33,6
388,Stable,85,18,40,6
389,Stable,76,23,23,9
390,Stable,85,24,29,5
391,Stable,85,20,30,2
392,Stable,84,20,31,5
393,Stable,85,24,24,10
394,Stable,76,22,37,7
395,Stable,85,23,24,9
396,Stable,76,24,36,6
397,Stable,75,23,29,3
398,Stable,78,23,35,4
399,Stable,78,20,24,2
400,Stable,79,19,36,9
401,Stable,83,18,30,10
402,Stable,77,24,24,3
403,Stable,77,20,34,1
404,Stable,81,23,27,8
405,Stable,84,22,34,4
406,Stable,83,21,29,8
407,Stable,78,23,38,8
408,Stable,82,22,32,9
409,Stable,83,24,25,4
410,Stable,84,20,28,1
411,Stable,85,25,31,9
412,Stable,76,19,29,2
413,Stable,77,22,34,9
414,Stable,77,24,22,4
415,Stable,82,23,20,7
416,Stable,75,24,36,6
417,Stable,78,24,22,6
418,Stable,78,18,30,2
419,Stable,85,23,24,3
420,Stable,75,22,35,3
421,Stable,82,25,39,1
422,Stable,76,18,28,4
423,Stable,77,24,23,5
424,Stable,78,22,23,1
425,Stable,78,24,40,10
426,Stable,82,19,23,8
427,Stable,84,18,40,9
428,Stable,84,21,24,5
429,Stable,81,18,39,6
430,Stable,78,24,25,2
431,Stable,83,23,22,9
432,Stable,83,18,32,8
433,Stable,75,24,31,5
434,Stable,75,23,22,6
435,Stable,78,19,38,6
436,Stable,77,18,31,9
437,Stable,80,20,34,8
438,Stable,85,20,24,2
439,Stable,82,18,29,4
440,Stable,75,21,21,6
441,Stable,79,24,37,8
442,Stable,79,18,40,4
443,Stable,79,23,21,6
444,Stable,79,19,31,7
445,Stable,81,25,32,6
446,Stable,77,25,35,6
447,Stable,83,22,22,7
448,Stable,76,24,39,3
449,Stable,83,22,30,2
450,Stable,76,23,29,5
451,Stable,82,24,25,8
452,Stable,80,25,21,6
453,Stable,84,24,28,1
454,Stable,76,24,31,9
455,Stable,85,20,20,3
456,Stable,84,25,21,3
457,Stable,76,21,40,6
458,Stable,80,24,38,1
459,Stable,84,20,34,6
460,Stable,80,25,22,10
461,Stable,77,23,32,6
462,Stable,85,22,27,2
463,Stable,75,20,35,9
464,Stable,81,19,28,5
465,Stable,82,21,39,5
466,Stable,82,21,23,3
467,Stable,76,25,25,8
468,Stable,76,23,31,2
469,Stable,83,22,29,3
470,Stable,85,20,31,9
471,Stable,78,19,26,3
472,Stable,78,25,20,6
473,Stable,83,23,34,9
474,Stable,77,19,22,5
475,Stable,81,25,36,7
476,Stable,81,19,24,6
477,Stable,85,19,34,8
478,Stable,85,23,24,9
479,Stable,85,20,24,7
480,Stable,83,18,23,9
481,Stable,77,22,25,3
482,Stable,80,21,31,9
483,Stable,79,19,28,4
484,Stable,85,22,24,5
485,Stable,84,19,36,3
486,Stable,84,20,25,10
487,Stable,84,23,38,1
488,Stable,75,19,21,10
489,Stable,79,21,38,7
490,Stable,84,18,35,9
491,Stable,79,22,35,4
492,Stable,85,24,29,8
493,Stable,76,18,25,8
494,Stable,81,25,34,4
495,Stable,80,20,30,6
496,Stable,80,24,24,6
497,Stable,83,19,30,4
498,Stable,82,19,28,8
499,Stable,78,20,23,1
500,Stable,79,24,39,7
501,Stable,78,20,30,10
502,Stable,80,21,25,8
503,Stable,83,25,35,5
504,Stable,82,18,22,7
505,Stable,83,25,27,4
506,Stable,84,23,21,1
507,Stable,79,25,39,8
508,Stable,79,18,23,7
509,Stable,77,22,31,7
510,Stable,80,18,32,1
511,Stable,84,21,31,9
512,Stable,79,19,32,9
513,Stable,82,22,39,10
514,Stable,76,20,23,7
515,Stable,80,23,37,6
516,Stable,77,21,39,9
517,Stable,81,18,21,1
518,Stable,77,23,35,9
519,Stable,82,20,39,9
520,Stable,77,23,39,6
521,Stable,77,24,39,5
522,Stable,84,23,36,9
523,Stable,83,25,38,5
524,Stable,82,18,31,6
525,Stable,85,19,33,10
526,Stable,79,18,39,8
527,Stable,79,21,21,10
528,Stable,82,20,36,10
529,Stable,81,20,27,1
530,Stable,84,19,26,1
531,Stable,82,23,33,3
532,Stable,81,21,33,9
533,Stable,84,25,21,3
534,Stable,83,21,37,6
535,Stable,85,25,36,7
536,Stable,80,20,34,9
537,Stable,80,23,40,5
538,Stable,84,25,26,4
539,Stable,79,22,27,5
540,Stable,79,21,35,6
541,Stable,82,23,37,5
542,Stable,79,19,38,9
543,Stable,81,24,31,3
544,Stable,79,18,29,2
545,Stable,80,25,40,5
546,Stable,82,21,26,9
547,Stable,79,22,24,2
548,Stable,84,21,27,1
549,Stable,85,21,40,4
550,Stable,75,19,33,6
551,Stable,82,19,24,1
552,Stable,83,20,33,8
553,Stable,82,21,29,6
554,Stable,79,18,22,10
555,Stable,78,18,25,7
556,Stable,77,18,32,8
557,Stable,77,22,21,1
558,Stable,79,19,30,5
559,Stable,82,25,24,9
560,Stable,82,22,26,2
561,Stable,80,20,34,5
562,Stable,77,18,30,5
563,Stable,84,21,25,10
564,Stable,85,24,33,9
565,Stable,80,19,32,2
566,Stable,77,20,35,6
567,Stable,78,18,28,7
568,Stable,78,25,28,6
569,Stable,79,18,28,6
570,Stable,78,18,23,8
571,Stable,79,20,32,9
572,Stable,79,19,40,5
573,Stable,80,21,27,3
574,Stable,82,20,34,10
575,Stable,80,24,37,8
576,Stable,83,21,27,10
577,Stable,76,25,36,6
578,Stable,76,19,21,9
579,Stable,83,21,38,9
580,Stable,77,20,30,9
581,Stable,82,19,26,10
582,Stable,82,19,36,8
583,Stable,75,25,24,9
584,Stable,81,25,38,1
585,Stable,83,25,29,1
586,Stable,81,22,20,4
587,Stable,84,19,21,7
588,Stable,80,19,37,1
589,Stable,76,25,21,5
590,Stable,81,20,24,7
591,Stable,80,24,34,7
592,Stable,81,19,37,3
593,Stable,85,23,23,3
594,Stable,83,24,36,3
595,Stable,78,18,20,5
596,Stable,82,24,37,7
597,Stable,78,21,34,6
598,Stable,77,22,26,2
599,Stable,75,24,39,1
600,Stable,78,21,22,2
601,Stable,84,18,34,10
602,Stable,85,18,27,1
603,Stable,81,25,27,9
604,Stable,78,18,24,9
605,Stable,79,21,38,6
606,Stable,84,23,27,5
607,Stable,77,21,33,5
608,Stable,79,18,37,10
609,Stable,77,24,37,8
610,Stable,75,23,40,7
611,Stable,83,23,33,7
612,Stable,77,22,32,3
613,Stable,83,25,27,4
614,Stable,79,20,34,1
615,Stable,83,24,33,9
616,Stable,83,20,32,4
617,Stable,79,21,30,2
618,Stable,82,23,22,9
619,Stable,78,18,28,7
620,Stable,85,18,22,4
621,Stable,84,21,35,4
622,Stable,80,22,20,4
623,Stable,78,19,35,4
624,Stable,84,21,32,4
625,Stable,83,23,29,7
626,Stable,82,23,29,5
627,Stable,80,25,34,2
628,Stable,82,23,26,6
629,Stable,80,24,21,10
630,Stable,78,20,20,5
631,Stable,83,24,29,3
632,Stable,78,23,27,7
633,Stable,84,21,35,9
634,Stable,85,23,28,8
635,Stable,85,25,34,3
636,Stable,80,20,24,9
637,Stable,82,20,37,1
638,Stable,83,18,22,1
639,Stable,75,24,24,4
640,Stable,76,20,20,4
641,Stable,83,25,31,1
642,Stable,84,25,35,1
643,Stable,75,24,20,1
644,Stable,83,22,37,5
645,Stable,75,24,25,2
646,Stable,76,20,27,4
647,Stable,84,22,31,5
648,Stable,81,19,31,7
649,Stable,82,21,27,5
650,Stable,85,19,40,1
651,Stable,76,24,32,7
652,Stable,83,25,21,1
653,Stable,77,19,35,7
654,Stable,85,23,38,2
655,Stable,83,18,27,4
656,Stable,84,25,28,1
657,Stable,76,22,37,10
658,Stable,85,18,25,6
659,Stable,75,21,38,3
660,Stable,81,19,29,3
661,Stable,84,21,38,7
662,Stable,85,23,32,3
663,Stable,76,23,21,2
664,Stable,81,21,22,6
665,Stable,84,24,30,1
666,Stable,85,22,34,8
667,Stable,78,23,37,7
668,Stable,81,20,38,7
669,Stable,76,22,27,2
670,Stable,76,22,24,7
671,Stable,85,20,32,6
672,Stable,80,19,22,1
673,Stable,79,25,31,5
674,Stable,76,20,22,3
675,Stable,81,25,37,9
676,Stable,83,24,23,1
677,Stable,76,23,37,2
678,Stable,84,23,32,1
679,Stable,79,24,32,2
680,Stable,83,21,38,9
681,Stable,77,24,25,3
682,Stable,79,22,28,8
683,Stable,77,19,25,7
684,Stable,79,24,29,8
685,Stable,76,23,28,4
686,Stable,85,25,39,10
687,Stable,78,25,23,3
688,Stable,79,18,32,6
689,Stable,84,24,30,8
690,Stable,80,24,40,10
691,Stable,77,22,30,10
692,Stable,78,25,30,3
693,Stable,81,23,29,8
694,Stable,84,21,30,7
695,Stable,79,24,31,2
696,Stable,84,21,38,9
697,Stable,77,18,34,4
698,Stable,82,22,22,7
699,Stable,85,25,24,5
700,Stable,78,22,24,7
701,Stable,81,19,34,10
702,Stable,82,24,37,9
703,Stable,81,18,31,9
704,Stable,84,19,23,4
705,Stable,85,23,25,10
706,Stable,75,24,30,7
707,Stable,76,18,23,5
708,Stable,78,21,34,6
709,Stable,81,25,38,9
710,Stable,77,23,20,8
711,Stable,76,22,33,2
712,Stable,76,20,31,5
713,Stable,80,25,26,9
714,Stable,82,23,35,2
715,Stable,82,25,30,2
716,Stable,79,18,23,1
717,Stable,80,19,25,4
718,Stable,83,20,37,3
719,Stable,80,24,34,4
720,Stable,81,20,25,7
721,Stable,81,18,39,4
722,Stable,82,24,32,1
723,Stable,78,21,28,2
724,Stable,84,19,37,3
725,Stable,80,23,26,8
726,Stable,76,22,35,9
727,Stable,85,23,39,7
728,Stable,84,24,38,2
729,Stable,80,23,34,10
730,Stable,77,22,39,10
731,Stable,76,20,30,2
732,Stable,78,22,23,3
733,Stable,80,20,36,7
734,Stable,81,20,38,7
735,Stable,81,20,35,9
736,Stable,85,20,37,3
737,Stable,82,22,24,3
738,Stable,80,25,39,1
739,Stable,80,18,35,3
740,Stable,78,24,37,9
741,Stable,85,25,33,8
742,Stable,81,25,35,3
743,Stable,76,18,27,5
744,Stable,75,22,27,9
745,Stable,79,20,34,10
746,Stable,82,19,38,2
747,Stable,79,23,37,1
748,Stable,82,21,33,2
749,Stable,85,21,29,1
750,Stable,82,22,31,2
751,Stable,82,19,27,4
752,Stable,84,23,39,7
753,Stable,77,20,26,4
754,Stable,75,23,37,5
755,Stable,84,20,30,5
756,Stable,79,22,36,2
757,Stable,77,24,21,5
758,Stable,85,20,24,4
759,Stable,77,23,27,7
760,Stable,82,20,38,5
761,Stable,85,24,32,8
762,Stable,76,19,32,9
763,Stable,79,23,34,8
764,Stable,80,18,22,8
765,Stable,85,23,22,9
766,Stable,81,21,33,4
767,Stable,82,22,30,5
768,Stable,80,20,38,8
769,Stable,80,18,21,2
770,Stable,85,25,20,2
771,Stable,77,25,34,1
772,Stable,81,21,24,5
773,Stable,77,22,22,6
774,Stable,79,19,31,3
775,Stable,75,24,40,5
776,Stable,78,24,40,2
777,Stable,76,18,26,8
778,Stable,76,20,38,4
779,Stable,83,25,20,1
780,Stable,80,19,33,3
781,Stable,82,19,27,7
782,Stable,76,19,23,6
783,Stable,80,22,24,7
784,Stable,77,20,22,9
785,Stable,84,18,39,3
786,Stable,82,23,26,3
787,Stable,81,25,26,2
788,Stable,76,20,23,10
789,Stable,81,23,33,6
790,Stable,77,21,28,2
791,Stable,78,22,20,5
792,Stable,78,21,32,5
793,Stable,85,18,27,8
794,Stable,81,19,27,8
795,Stable,85,19,36,1
796,Stable,80,23,24,7
797,Stable,84,24,31,9
798,Stable,85,20,35,2
799,Stable,75,19,20,5
800,Stable,78,18,21,7
801,Stable,83,22,40,9
802,Stable,81,24,32,2
803,Stable,85,20,28,2
804,Stable,79,19,36,4
805,Stable,77,23,32,10
806,Stable,85,19,29,7
807,Stable,78,18,27,2
808,Stable,81,19,34,10
809,Stable,84,18,29,3
810,Stable,76,18,24,1
811,Stable,77,25,31,9
812,Stable,83,22,25,6
813,Stable,77,22,23,1
814,Stable,80,24,28,9
815,Stable,76,22,38,2
816,Stable,82,25,36,6
817,Stable,75,25,38,3
818,Stable,80,20,28,2
819,Stable,84,19,27,9
820,Stable,75,18,20,4
821,Stable,75,25,31,7
822,Stable,77,20,21,9
823,Stable,85,24,27,6
824,Stable,78,24,30,5
825,Stable,76,23,23,9
826,Stable,85,18,25,4
827,Stable,83,18,32,2
828,Stable,82,22,29,6
829,Stable,76,25,20,6
830,Stable,78,22,38,5
831,Stable,84,21,34,6
832,Stable,84,25,26,9
833,Stable,78,20,20,7
834,Stable,75,21,37,6
835,Stable,85,18,30,1
836,Stable,85,24,29,2
837,Stable,78,21,33,8
838,Stable,75,20,28,2
839,Stable,75,21,36,7
840,Stable,80,25,22,10
841,Stable,76,20,40,7
842,Stable,76,18,33,3
843,Stable,78,22,28,6
844,Stable,81,23,30,8
845,Stable,79,21,22,4
846,Stable,77,19,24,2
847,Stable,77,25,34,6
848,Stable,81,19,37,6
849,Stable,78,25,29,8
850,Stable,79,19,22,3
851,Stable,85,22,39,1
852,Stable,78,23,24,2
853,Stable,78,23,32,9
854,Stable,75,22,28,3
855,Stable,75,24,34,9
856,Stable,83,21,23,8
857,Stable,76,20,23,1
858,Stable,75,21,24,4
859,Stable,81,23,40,2
860,Stable,84,22,22,1
861,Stable,76,21,40,8
862,Stable,77,19,30,2
863,Stable,75,25,21,3
864,Stable,84,24,32,8
865,Stable,75,24,33,3
866,Stable,80,21,25,5
867,Stable,79,25,24,1
868,Stable,84,21,40,5
869,Stable,82,24,37,8
870,Stable,75,19,28,7
871,Stable,77,24,26,9
872,Stable,78,18,32,6
873,Stable,82,25,31,10
874,Stable,83,23,32,5
875,Stable,77,18,30,10
876,Stable,78,18,28,1
877,Stable,82,23,38,4
878,Stable,77,19,27,4
879,Stable,79,18,27,10
880,Stable,81,23,25,3
881,Stable,78,23,31,10
882,Stable,75,23,38,10
883,Stable,77,21,35,9
884,Stable,79,20,35,1
885,Stable,76,18,27,10
886,Stable,78,18,36,8
887,Stable,75,23,39,4
888,Stable,77,23,25,6
889,Stable,75,18,24,10
890,Stable,77,19,36,6
891,Stable,76,23,32,10
892,Stable,76,23,29,6
893,Stable,77,20,33,8
894,Stable,85,23,25,9
895,Stable,84,23,27,10
896,Stable,77,24,29,5
897,Stable,77,20,20,10
898,Stable,81,18,25,10
899,Stable,80,21,40,10
900,Stable,76,25,24,6
901,Stable,76,21,31,6
902,Stable,77,19,40,6
903,Stable,82,18,28,4
904,Stable,78,19,31,5
905,Stable,76,18,21,7
906,Stable,82,24,25,7
907,Stable,82,24,31,9
908,Stable,81,19,35,10
909,Stable,85,21,25,8
910,Stable,76,18,29,1
911,Stable,80,22,23,2
912,Stable,80,20,32,3
913,Stable,76,19,30,10
914,Stable,84,25,20,7
915,Stable,85,20,39,7
916,Stable,77,18,23,6
917,Stable,78,21,33,9
918,Stable,83,22,29,5
919,Stable,78,19,21,7
920,Stable,84,25,24,1
921,Stable,80,18,33,2
922,Stable,79,25,26,2
923,Stable,75,21,25,5
924,Stable,76,25,23,5
925,Stable,81,25,35,5
926,Stable,76,24,25,6
927,Stable,81,23,25,8
928,Stable,75,22,34,8
929,Stable,79,21,28,10
930,Stable,75,20,23,2
931,Stable,85,23,37,7
932,Stable,84,21,37,1
933,Stable,81,24,37,8
934,Stable,84,21,35,5
935,Stable,76,24,21,9
936,Stable,84,20,23,8
937,Stable,77,20,26,4
938,Stable,77,18,33,2
939,Stable,85,24,26,3
940,Stable,84,22,30,2
941,Stable,76,24,37,7
942,Stable,83,23,28,9
943,Stable,82,18,39,10
944,Stable,83,24,23,7
945,Stable,77,20,38,10
946,Stable,84,19,23,10
947,Stable,76,22,37,6
948,Stable,81,22,32,8
949,Stable,84,25,21,3
950,Stable,79,24,24,10
951,Stable,84,24,21,7
952,Stable,80,21,21,8
953,Stable,79,23,20,6
954,Stable,79,22,28,8
955,Stable,85,19,27,3
956,Stable,79,25,30,5
957,Stable,81,19,26,8
958,Stable,78,24,35,9
959,Stable,80,18,36,3
960,Stable,76,22,36,7
961,Stable,77,18,25,4
962,Stable,78,18,27,1
963,Stable,82,18,31,4
964,Stable,79,23,34,9
965,Stable,81,19,20,4
966,Stable,80,25,39,8
967,Stable,77,25,38,9
968,Stable,80,23,25,5
969,Stable,76,22,20,7
970,Stable,75,20,38,4
971,Stable,78,21,26,5
972,Stable,85,24,36,1
973,Stable,85,18,35,3
974,Stable,85,20,39,1
975,Stable,78,22,39,5
976,Stable,85,22,33,7
977,Stable,80,25,28,4
978,Stable,82,22,36,10
979,Stable,81,19,20,9
980,Stable,85,23,37,10
981,Stable,84,22,29,2
982,Stable,82,19,30,5
983,Stable,85,23,28,5
984,Stable,85,22,26,3
985,Stable,83,21,21,10
986,Stable,81,23,24,1
987,Stable,85,25,29,5
988,Stable,81,24,32,1
989,Stable,84,21,30,4
990,Stable,85,25,31,9
991,Stable,79,20,37,3
992,Stable,79,19,35,3
993,Stable,79,20,30,2
994,Stable,78,23,27,5
995,Stable,81,23,31,5
996,Stable,84,22,34,2
997,Stable,82,18,40,10
998,Stable,84,19,35,4
999,Stable,83,19,32,9
1000,Stable,79,24,21,3
1001,Fluctuating,48,55,51,7
1002,Fluctuating,76,88,39,6
1003,Fluctuating,85,53,79,2
1004,Fluctuating,71,72,70,3
1005,Fluctuating,60,37,30,8
1006,Fluctuating,57,56,78,3
1007,Fluctuating,76,50,61,2
1008,Fluctuating,48,85,70,7
1009,Fluctuating,65,84,60,7
1010,Fluctuating,40,34,64,4
1011,Fluctuating,86,77,30,6
1012,Fluctuating,88,97,42,1
1013,Fluctuating,83,30,70,4
1014,Fluctuating,54,74,49,3
1015,Fluctuating,46,79,62,10
1016,Fluctuating,59,51,34,1
1017,Fluctuating,59,67,59,9
1018,Fluctuating,78,97,51,7
1019,Fluctuating,83,47,51,8
1020,Fluctuating,62,54,40,7
1021,Fluctuating,41,59,44,3
1022,Fluctuating,53,32,67,9
1023,Fluctuating,50,45,53,1
1024,Fluctuating,64,62,79,9
1025,Fluctuating,79,36,68,1
1026,Fluctuating,82,43,71,1
1027,Fluctuating,43,44,56,8
1028,Fluctuating,64,45,65,5
1029,Fluctuating,70,49,43,1
1030,Fluctuating,59,83,72,2
1031,Fluctuating,82,96,47,10
1032,Fluctuating,78,47,56,2
1033,Fluctuating,72,45,48,2
1034,Fluctuating,90,43,61,4
1035,Fluctuating,78,55,79,5
1036,Fluctuating,73,55,52,7
1037,Fluctuating,58,50,32,9
1038,Fluctuating,71,56,74,8
1039,Fluctuating,61,60,30,1
1040,Fluctuating,82,41,37,10
1041,Fluctuating,82,93,39,2
1042,Fluctuating,89,95,34,2
1043,Fluctuating,56,59,59,5
1044,Fluctuating,56,89,33,2
1045,Fluctuating,51,35,48,6
1046,Fluctuating,83,70,57,2
1047,Fluctuating,46,35,30,3
1048,Fluctuating,82,51,51,6
1049,Fluctuating,68,64,76,2
1050,Fluctuating,63,73,41,2
1051,Fluctuating,65,81,59,5
1052,Fluctuating,64,91,56,3
1053,Fluctuating,47,46,74,1
1054,Fluctuating,50,43,56,10
1055,Fluctuating,70,86,41,10
1056,Fluctuating,64,75,69,1
1057,Fluctuating,83,46,60,8
1058,Fluctuating,47,82,58,1
1059,Fluctuating,44,63,71,6
1060,Fluctuating,40,97,79,10
1061,Fluctuating,86,58,72,6
1062,Fluctuating,73,96,74,10
1063,Fluctuating,46,85,72,4
1064,Fluctuating,70,74,72,7
1065,Fluctuating,49,36,30,3
1066,Fluctuating,72,90,61,3
1067,Fluctuating,44,92,50,4
1068,Fluctuating,61,65,33,9
1069,Fluctuating,54,100,71,7
1070,Fluctuating,65,60,35,8
1071,Fluctuating,68,87,35,8
1072,Fluctuating,68,70,37,8
1073,Fluctuating,87,32,36,7
1074,Fluctuating,66,34,65,9
1075,Fluctuating,40,41,80,10
1076,Fluctuating,79,68,62,9
1077,Fluctuating,53,88,51,6
1078,Fluctuating,43,58,59,6
1079,Fluctuating,75,90,75,6
1080,Fluctuating,85,87,37,2
1081,Fluctuating,88,58,30,6
1082,Fluctuating,62,67,65,9
1083,Fluctuating,63,43,32,3
1084,Fluctuating,71,47,75,7
1085,Fluctuating,46,62,69,4
1086,Fluctuating,52,45,55,4
1087,Fluctuating,69,54,75,6
1088,Fluctuating,46,83,32,10
1089,Fluctuating,47,87,59,10
1090,Fluctuating,72,47,61,1
1091,Fluctuating,73,36,65,7
1092,Fluctuating,77,91,62,3
1093,Fluctuating,84,52,76,3
1094,Fluctuating,46,79,72,10
1095,Fluctuating,78,71,62,7
1096,Fluctuating,66,61,47,7
1097,Fluctuating,61,67,58,3
1098,Fluctuating,48,82,68,9
1099,Fluctuating,59,100,50,9
1100,Fluctuating,80,57,42,4
1101,Fluctuating,79,67,73,6
1102,Fluctuating,83,46,75,3
1103,Fluctuating,72,99,74,6
1104,Fluctuating,85,44,78,6
1105,Fluctuating,75,91,67,10
1106,Fluctuating,82,83,73,9
1107,Fluctuating,58,84,30,9
1108,Fluctuating,46,33,54,3
1109,Fluctuating,43,37,42,5
1110,Fluctuating,88,50,48,5
1111,Fluctuating,49,37,74,5
1112,Fluctuating,53,99,32,6
1113,Fluctuating,68,43,69,9
1114,Fluctuating,54,79,45,9
1115,Fluctuating,90,66,74,1
1116,Fluctuating,64,79,56,6
1117,Fluctuating,75,36,30,5
1118,Fluctuating,52,86,44,6
1119,Fluctuating,88,99,77,10
1120,Fluctuating,52,54,48,8
1121,Fluctuating,51,39,41,3
1122,Fluctuating,87,95,37,7
1123,Fluctuating,42,84,47,9
1124,Fluctuating,56,46,40,10
1125,Fluctuating,56,30,51,8
1126,Fluctuating,85,49,32,3
1127,Fluctuating,60,36,79,10
1128,Fluctuating,82,68,61,10
1129,Fluctuating,75,75,34,6
1130,Fluctuating,73,58,41,9
1131,Fluctuating,44,94,40,7
1132,Fluctuating,74,98,55,2
1133,Fluctuating,62,58,43,6
1134,Fluctuating,61,76,48,4
1135,Fluctuating,88,97,60,9
1136,Fluctuating,88,31,37,6
1137,Fluctuating,68,60,71,10
1138,Fluctuating,79,61,32,6
1139,Fluctuating,64,44,54,5
1140,Fluctuating,74,66,31,9
1141,Fluctuating,89,77,62,9
1142,Fluctuating,68,92,32,5
1143,Fluctuating,81,54,50,9
1144,Fluctuating,45,42,40,9
1145,Fluctuating,74,30,70,2
1146,Fluctuating,53,57,73,7
1147,Fluctuating,46,56,64,7
1148,Fluctuating,81,39,77,3
1149,Fluctuating,41,88,75,6
1150,Fluctuating,42,41,34,1
1151,Fluctuating,51,62,65,2
1152,Fluctuating,76,59,46,7
1153,Fluctuating,64,87,70,7
1154,Fluctuating,67,70,31,7
1155,Fluctuating,83,45,64,1
1156,Fluctuating,81,38,78,10
1157,Fluctuating,42,39,52,9
1158,Fluctuating,46,67,80,5
1159,Fluctuating,78,41,48,8
1160,Fluctuating,64,80,72,1
1161,Fluctuating,70,50,64,4
1162,Fluctuating,48,80,80,9
1163,Fluctuating,58,48,49,6
1164,Fluctuating,40,100,65,3
1165,Fluctuating,47,35,30,10
1166,Fluctuating,78,80,64,9
1167,Fluctuating,45,69,43,6
1168,Fluctuating,53,82,71,9
1169,Fluctuating,49,50,41,4
1170,Fluctuating,79,62,42,2
1171,Fluctuating,51,36,78,9
1172,Fluctuating,69,100,34,5
1173,Fluctuating,82,38,46,2
1174,Fluctuating,52,92,51,6
1175,Fluctuating,48,60,36,5
1176,Fluctuating,79,38,42,6
1177,Fluctuating,71,87,51,10
1178,Fluctuating,82,69,74,10
1179,Fluctuating,49,76,50,7
1180,Fluctuating,50,30,50,4
1181,Fluctuating,90,58,75,7
1182,Fluctuating,57,76,38,6
1183,Fluctuating,70,89,58,6
1184,Fluctuating,89,69,61,9
1185,Fluctuating,46,52,71,10
1186,Fluctuating,45,65,38,9
1187,Fluctuating,52,63,76,2
1188,Fluctuating,86,39,31,9
1189,Fluctuating,80,33,67,10
1190,Fluctuating,65,57,32,9
1191,Fluctuating,56,99,64,8
1192,Fluctuating,81,49,53,7
1193,Fluctuating,54,67,38,8
1194,Fluctuating,72,95,35,7
1195,Fluctuating,63,94,30,4
1196,Fluctuating,79,51,78,9
1197,Fluctuating,48,87,40,3
1198,Fluctuating,76,48,77,8
1199,Fluctuating,62,35,44,8
1200,Fluctuating,54,38,46,6
1201,Fluctuating,54,35,72,4
1202,Fluctuating,73,76,54,8
1203,Fluctuating,69,35,32,6
1204,Fluctuating,46,96,70,5
1205,Fluctuating,87,63,67,9
1206,Fluctuating,76,52,54,7
1207,Fluctuating,63,39,63,5
1208,Fluctuating,64,58,63,7
1209,Fluctuating,62,74,61,8
1210,Fluctuating,78,30,62,3
1211,Fluctuating,68,51,44,2
1212,Fluctuating,72,65,43,3
1213,Fluctuating,51,50,53,10
1214,Fluctuating,85,45,72,4
1215,Fluctuating,66,72,76,2
1216,Fluctuating,70,91,60,4
1217,Fluctuating,77,50,71,7
1218,Fluctuating,41,61,32,3
1219,Fluctuating,76,50,38,9
1220,Fluctuating,42,48,33,3
1221,Fluctuating,56,53,63,7
1222,Fluctuating,78,32,76,5
1223,Fluctuating,45,57,58,10
1224,Fluctuating,70,91,40,4
1225,Fluctuating,66,48,80,10
1226,Fluctuating,89,53,69,9
1227,Fluctuating,56,51,76,6
1228,Fluctuating,69,38,44,7
1229,Fluctuating,64,46,36,1
1230,Fluctuating,52,96,62,7
1231,Fluctuating,49,42,41,8
1232,Fluctuating,79,34,80,9
1233,Fluctuating,72,45,35,8
1234,Fluctuating,82,46,68,9
1235,Fluctuating,40,85,63,7
1236,Fluctuating,63,35,74,9
1237,Fluctuating,67,59,60,7
1238,Fluctuating,62,42,57,3
1239,Fluctuating,56,91,79,4
1240,Fluctuating,45,66,68,9
1241,Fluctuating,66,62,42,1
1242,Fluctuating,85,30,66,9
1243,Fluctuating,47,96,30,7
1244,Fluctuating,81,56,74,6
1245,Fluctuating,66,76,36,3
1246,Fluctuating,67,62,46,9
1247,Fluctuating,67,76,69,5
1248,Fluctuating,83,80,78,4
1249,Fluctuating,66,100,80,9
1250,Fluctuating,70,52,53,9
1251,Fluctuating,75,91,46,5
1252,Fluctuating,76,74,79,7
1253,Fluctuating,87,47,72,2
1254,Fluctuating,87,59,58,3
1255,Fluctuating,46,57,62,7
1256,Fluctuating,90,73,65,10
1257,Fluctuating,84,36,40,7
1258,Fluctuating,80,30,35,3
1259,Fluctuating,70,85,35,2
1260,Fluctuating,56,58,53,2
1261,Fluctuating,78,34,76,7
1262,Fluctuating,65,96,48,10
1263,Fluctuating,43,52,70,8
1264,Fluctuating,68,31,42,9
1265,Fluctuating,58,54,32,10
1266,Fluctuating,72,96,74,4
1267,Fluctuating,79,51,73,1
1268,Fluctuating,63,60,71,1
1269,Fluctuating,50,41,47,7
1270,Fluctuating,62,80,55,10
1271,Fluctuating,52,96,30,2
1272,Fluctuating,45,100,48,9
1273,Fluctuating,77,74,52,5
1274,Fluctuating,54,54,59,7
1275,Fluctuating,76,30,46,3
1276,Fluctuating,66,94,36,9
1277,Fluctuating,44,94,48,6
1278,Fluctuating,47,95,46,9
1279,Fluctuating,90,62,74,8
1280,Fluctuating,64,91,79,4
1281,Fluctuating,88,73,79,8
1282,Fluctuating,83,88,67,1
1283,Fluctuating,70,44,46,2
1284,Fluctuating,64,58,73,4
1285,Fluctuating,60,82,52,9
1286,Fluctuating,74,31,74,5
1287,Fluctuating,55,66,35,7
1288,Fluctuating,83,73,34,9
1289,Fluctuating,51,90,50,6
1290,Fluctuating,53,64,41,4
1291,Fluctuating,71,55,45,4
1292,Fluctuating,56,56,44,4
1293,Fluctuating,55,75,39,2
1294,Fluctuating,47,40,73,8
1295,Fluctuating,79,30,78,9
1296,Fluctuating,42,91,53,10
1297,Fluctuating,60,93,66,5
1298,Fluctuating,71,53,78,9
1299,Fluctuating,57,80,44,10
1300,Fluctuating,48,36,63,7
1301,Fluctuating,70,99,32,9
1302,Fluctuating,62,80,73,3
1303,Fluctuating,69,45,74,9
1304,Fluctuating,69,70,74,1
1305,Fluctuating,40,56,54,10
1306,Fluctuating,46,71,53,10
1307,Fluctuating,56,53,65,5
1308,Fluctuating,55,64,60,10
1309,Fluctuating,61,76,41,8
1310,Fluctuating,67,56,56,6
1311,Fluctuating,63,81,47,8
1312,Fluctuating,51,46,66,4
1313,Fluctuating,46,64,45,9
1314,Fluctuating,67,78,42,3
1315,Fluctuating,87,49,60,1
1316,Fluctuating,51,83,61,3
1317,Fluctuating,80,96,64,6
1318,Fluctuating,90,92,49,5
1319,Fluctuating,75,36,55,2
1320,Fluctuating,84,50,33,4
1321,Fluctuating,56,90,70,2
1322,Fluctuating,68,72,46,6
1323,Fluctuating,63,62,52,1
1324,Fluctuating,66,45,52,10
1325,Fluctuating,52,98,41,5
1326,Fluctuating,62,71,73,9
1327,Fluctuating,71,87,35,7
1328,Fluctuating,79,66,59,3
1329,Fluctuating,50,73,56,10
1330,Fluctuating,76,81,34,2
1331,Fluctuating,50,73,44,6
1332,Fluctuating,60,67,75,5
1333,Fluctuating,78,80,47,8
1334,Fluctuating,89,76,77,10
1335,Fluctuating,73,87,56,3
1336,Fluctuating,51,32,38,4
1337,Fluctuating,82,62,77,2
1338,Fluctuating,53,51,55,2
1339,Fluctuating,46,38,60,9
1340,Fluctuating,43,33,79,7
1341,Fluctuating,73,40,36,5
1342,Fluctuating,79,49,35,7
1343,Fluctuating,59,59,45,5
1344,Fluctuating,68,46,38,9
1345,Fluctuating,50,33,32,6
1346,Fluctuating,60,90,59,9
1347,Fluctuating,57,100,58,3
1348,Fluctuating,84,99,41,10
1349,Fluctuating,78,88,70,10
1350,Fluctuating,67,97,70,9
1351,Fluctuating,59,74,60,9
1352,Fluctuating,54,41,58,5
1353,Fluctuating,63,82,46,3
1354,Fluctuating,59,31,30,9
1355,Fluctuating,88,47,52,5
1356,Fluctuating,70,98,30,8
1357,Fluctuating,88,91,49,1
1358,Fluctuating,89,85,48,10
1359,Fluctuating,54,30,65,6
1360,Fluctuating,52,82,65,7
1361,Fluctuating,65,61,40,7
1362,Fluctuating,64,58,46,2
1363,Fluctuating,67,60,63,10
1364,Fluctuating,84,64,48,9
1365,Fluctuating,57,82,42,2
1366,Fluctuating,51,47,48,2
1367,Fluctuating,80,88,69,8
1368,Fluctuating,57,92,42,6
1369,Fluctuating,41,49,33,9
1370,Fluctuating,41,53,36,5
1371,Fluctuating,57,46,75,8
1372,Fluctuating,86,31,44,2
1373,Fluctuating,49,31,61,4
1374,Fluctuating,61,83,49,8
1375,Fluctuating,63,89,74,1
1376,Fluctuating,61,40,78,3
1377,Fluctuating,43,64,79,7
1378,Fluctuating,44,99,60,3
1379,Fluctuating,52,62,54,1
1380,Fluctuating,47,61,54,8
1381,Fluctuating,55,34,42,8
1382,Fluctuating,87,42,63,4
1383,Fluctuating,70,79,73,5
1384,Fluctuating,60,50,70,1
1385,Fluctuating,87,100,63,2
1386,Fluctuating,56,91,70,5
1387,Fluctuating,52,76,33,4
1388,Fluctuating,47,60,70,7
1389,Fluctuating,60,31,40,5
1390,Fluctuating,77,45,55,4
1391,Fluctuating,40,35,67,8
1392,Fluctuating,84,49,53,2
1393,Fluctuating,55,50,61,2
1394,Fluctuating,83,73,78,1
1395,Fluctuating,43,75,71,3
1396,Fluctuating,84,98,80,2
1397,Fluctuating,48,92,44,6
1398,Fluctuating,75,74,58,4
1399,Fluctuating,41,78,52,3
1400,Fluctuating,56,35,61,8
1401,Fluctuating,75,67,64,8
1402,Fluctuating,52,53,64,6
1403,Fluctuating,60,89,47,10
1404,Fluctuating,75,50,34,9
1405,Fluctuating,49,87,48,5
1406,Fluctuating,74,76,59,1
1407,Fluctuating,89,94,54,3
1408,Fluctuating,41,76,79,10
1409,Fluctuating,55,71,76,2
1410,Fluctuating,82,98,54,4
1411,Fluctuating,73,93,79,9
1412,Fluctuating,49,66,50,7
1413,Fluctuating,81,71,37,2
1414,Fluctuating,73,38,32,3
1415,Fluctuating,51,34,42,2
1416,Fluctuating,71,54,36,1
1417,Fluctuating,76,79,72,8
1418,Fluctuating,73,62,33,6
1419,Fluctuating,54,39,30,4
1420,Fluctuating,81,92,35,8
1421,Fluctuating,80,37,53,9
1422,Fluctuating,87,83,53,1
1423,Fluctuating,79,64,63,1
1424,Fluctuating,86,39,49,2
1425,Fluctuating,53,96,36,2
1426,Fluctuating,86,59,64,7
1427,Fluctuating,52,54,63,4
1428,Fluctuating,76,52,65,9
1429,Fluctuating,66,43,79,10
1430,Fluctuating,62,88,74,7
1431,Fluctuating,46,51,80,3
1432,Fluctuating,75,81,62,6
1433,Fluctuating,82,50,64,10
1434,Fluctuating,68,75,50,9
1435,Fluctuating,60,77,56,7
1436,Fluctuating,86,71,68,4
1437,Fluctuating,76,99,43,7
1438,Fluctuating,89,100,77,5
1439,Fluctuating,63,87,58,7
1440,Fluctuating,40,34,48,10
1441,Fluctuating,41,96,38,5
1442,Fluctuating,40,68,44,4
1443,Fluctuating,60,32,79,5
1444,Fluctuating,75,95,65,10
1445,Fluctuating,76,49,36,1
1446,Fluctuating,69,75,39,3
1447,Fluctuating,56,76,67,4
1448,Fluctuating,54,62,49,2
1449,Fluctuating,76,81,66,4
1450,Fluctuating,86,39,76,6
1451,Fluctuating,90,91,41,8
1452,Fluctuating,84,42,68,5
1453,Fluctuating,42,78,35,1
1454,Fluctuating,89,72,52,7
1455,Fluctuating,66,45,79,4
1456,Fluctuating,87,31,70,7
1457,Fluctuating,43,69,63,1
1458,Fluctuating,60,99,66,3
1459,Fluctuating,60,94,74,4
1460,Fluctuating,49,36,73,7
1461,Fluctuating,68,94,35,4
1462,Fluctuating,67,67,80,7
1463,Fluctuating,49,46,51,2
1464,Fluctuating,70,36,65,7
1465,Fluctuating,56,40,55,9
1466,Fluctuating,67,46,78,3
1467,Fluctuating,70,55,61,7
1468,Fluctuating,81,55,65,10
1469,Fluctuating,87,97,45,4
1470,Fluctuating,44,64,79,7
1471,Fluctuating,60,41,37,7
1472,Fluctuating,67,76,52,4
1473,Fluctuating,60,74,68,1
1474,Fluctuating,89,69,40,6
1475,Fluctuating,79,86,69,3
1476,Fluctuating,68,35,44,4
1477,Fluctuating,83,77,39,2
1478,Fluctuating,47,36,45,10
1479,Fluctuating,49,66,30,6
1480,Fluctuating,84,44,49,8
1481,Fluctuating,70,32,51,4
1482,Fluctuating,87,98,43,4
1483,Fluctuating,74,96,78,5
1484,Fluctuating,75,91,69,3
1485,Fluctuating,84,32,54,10
1486,Fluctuating,82,97,32,5
1487,Fluctuating,50,37,48,4
1488,Fluctuating,90,64,33,8
1489,Fluctuating,81,31,34,7
1490,Fluctuating,82,64,72,6
1491,Fluctuating,46,32,48,7
1492,Fluctuating,54,78,62,2
1493,Fluctuating,60,92,68,9
1494,Fluctuating,45,53,42,9
1495,Fluctuating,69,32,32,4
1496,Fluctuating,73,69,51,8
1497,Fluctuating,65,50,31,6
1498,Fluctuating,83,75,52,5
1499,Fluctuating,55,94,47,1
1500,Fluctuating,80,62,54,1
1501,Fluctuating,75,65,44,3
1502,Fluctuating,61,80,72,3
1503,Fluctuating,45,78,63,10
1504,Fluctuating,80,59,56,4
1505,Fluctuating,76,49,57,5
1506,Fluctuating,78,72,58,9
1507,Fluctuating,48,56,71,3
1508,Fluctuating,77,99,73,4
1509,Fluctuating,48,69,74,9
1510,Fluctuating,48,85,79,3
1511,Fluctuating,81,50,50,2
1512,Fluctuating,75,98,76,2
1513,Fluctuating,51,70,39,1
1514,Fluctuating,88,70,56,7
1515,Fluctuating,59,86,77,5
1516,Fluctuating,49,54,36,3
1517,Fluctuating,51,33,78,10
1518,Fluctuating,79,64,68,10
1519,Fluctuating,79,59,68,4
1520,Fluctuating,54,33,52,2
1521,Fluctuating,84,91,38,9
1522,Fluctuating,78,90,75,6
1523,Fluctuating,51,79,61,8
1524,Fluctuating,48,50,42,4
1525,Fluctuating,42,82,78,1
1526,Fluctuating,57,82,44,4
1527,Fluctuating,88,56,34,3
1528,Fluctuating,68,92,74,6
1529,Fluctuating,69,61,57,7
1530,Fluctuating,89,35,68,7
1531,Fluctuating,86,70,55,10
1532,Fluctuating,87,98,63,1
1533,Fluctuating,73,43,58,8
1534,Fluctuating,42,61,63,9
1535,Fluctuating,65,35,65,7
1536,Fluctuating,73,36,42,5
1537,Fluctuating,68,80,49,5
1538,Fluctuating,69,51,57,5
1539,Fluctuating,79,36,74,9
1540,Fluctuating,49,89,71,8
1541,Fluctuating,45,94,37,3
1542,Fluctuating,89,99,38,7
1543,Fluctuating,66,71,58,1
1544,Fluctuating,51,88,67,4
1545,Fluctuating,69,41,46,6
1546,Fluctuating,84,50,75,2
1547,Fluctuating,45,44,75,8
1548,Fluctuating,80,76,35,9
1549,Fluctuating,85,79,76,9
1550,Fluctuating,79,50,54,9
1551,Fluctuating,64,35,79,3
1552,Fluctuating,61,49,40,3
1553,Fluctuating,51,36,56,5
1554,Fluctuating,59,87,48,3
1555,Fluctuating,47,46,42,1
1556,Fluctuating,79,62,30,8
1557,Fluctuating,71,93,64,1
1558,Fluctuating,78,93,45,4
1559,Fluctuating,77,90,59,7
1560,Fluctuating,68,40,68,10
1561,Fluctuating,40,61,65,5
1562,Fluctuating,79,56,33,3
1563,Fluctuating,49,37,71,6
1564,Fluctuating,42,48,32,10
1565,Fluctuating,78,68,51,2
1566,Fluctuating,43,43,56,3
1567,Fluctuating,50,66,69,10
1568,Fluctuating,76,52,59,10
1569,Fluctuating,63,34,35,5
1570,Fluctuating,60,77,54,2
1571,Fluctuating,88,84,65,2
1572,Fluctuating,58,90,38,2
1573,Fluctuating,84,65,51,9
1574,Fluctuating,66,97,43,4
1575,Fluctuating,79,37,36,10
1576,Fluctuating,86,97,35,8
1577,Fluctuating,86,66,57,10
1578,Fluctuating,60,63,63,10
1579,Fluctuating,79,75,38,10
1580,Fluctuating,76,93,63,8
1581,Fluctuating,71,53,69,4
1582,Fluctuating,85,67,42,1
1583,Fluctuating,47,33,59,2
1584,Fluctuating,87,56,69,7
1585,Fluctuating,66,35,51,6
1586,Fluctuating,75,57,30,4
1587,Fluctuating,84,66,46,2
1588,Fluctuating,59,68,62,9
1589,Fluctuating,60,30,37,6
1590,Fluctuating,61,80,76,10
1591,Fluctuating,79,33,41,4
1592,Fluctuating,61,73,73,8
1593,Fluctuating,70,34,71,3
1594,Fluctuating,70,49,70,8
1595,Fluctuating,74,72,59,7
1596,Fluctuating,87,37,63,5
1597,Fluctuating,76,70,65,9
1598,Fluctuating,41,56,66,6
1599,Fluctuating,90,75,34,3
1600,Fluctuating,57,33,51,7
1601,Fluctuating,80,98,40,10
1602,Fluctuating,78,79,41,10
1603,Fluctuating,47,69,75,6
1604,Fluctuating,85,34,47,7
1605,Fluctuating,45,93,45,6
1606,Fluctuating,68,68,43,9
1607,Fluctuating,59,52,37,6
1608,Fluctuating,90,34,79,4
1609,Fluctuating,45,86,62,1
1610,Fluctuating,70,94,39,4
1611,Fluctuating,61,91,76,9
1612,Fluctuating,59,71,39,2
1613,Fluctuating,73,46,43,1
1614,Fluctuating,69,79,75,9
1615,Fluctuating,47,30,49,1
1616,Fluctuating,83,41,51,8
1617,Fluctuating,42,43,63,5
1618,Fluctuating,41,69,70,4
1619,Fluctuating,60,55,42,5
1620,Fluctuating,57,98,50,8
1621,Fluctuating,82,45,47,3
1622,Fluctuating,50,65,37,1
1623,Fluctuating,79,95,36,4
1624,Fluctuating,74,74,65,6
1625,Fluctuating,57,48,75,5
1626,Fluctuating,76,61,40,2
1627,Fluctuating,59,73,64,8
1628,Fluctuating,43,46,31,8
1629,Fluctuating,83,36,36,7
1630,Fluctuating,43,41,57,7
1631,Fluctuating,51,87,69,6
1632,Fluctuating,59,72,42,9
1633,Fluctuating,45,89,66,3
1634,Fluctuating,45,89,36,8
1635,Fluctuating,59,89,60,4
1636,Fluctuating,54,48,69,5
1637,Fluctuating,63,80,41,6
1638,Fluctuating,90,71,59,8
1639,Fluctuating,41,38,60,2
1640,Fluctuating,62,91,59,3
1641,Fluctuating,58,74,68,10
1642,Fluctuating,48,95,36,7
1643,Fluctuating,85,43,50,9
1644,Fluctuating,81,39,80,5
1645,Fluctuating,74,89,55,10
1646,Fluctuating,66,60,69,4
1647,Fluctuating,75,50,60,7
1648,Fluctuating,44,73,43,10
1649,Fluctuating,67,85,66,6
1650,Fluctuating,74,60,41,2
1651,Fluctuating,87,92,37,10
1652,Fluctuating,78,89,50,9
1653,Fluctuating,46,86,41,5
1654,Fluctuating,65,38,68,2
1655,Fluctuating,83,78,50,8
1656,Fluctuating,81,37,35,4
1657,Fluctuating,48,30,78,3
1658,Fluctuating,82,49,58,9
1659,Fluctuating,58,79,69,10
1660,Fluctuating,68,55,43,6
1661,Fluctuating,59,68,57,6
1662,Fluctuating,45,31,69,9
1663,Fluctuating,65,46,48,1
1664,Fluctuating,63,100,33,1
1665,Fluctuating,85,75,37,5
1666,Fluctuating,41,60,57,10
1667,Fluctuating,65,70,75,7
1668,Fluctuating,65,78,57,9
1669,Fluctuating,53,52,60,3
1670,Fluctuating,52,79,53,7
1671,Fluctuating,49,66,72,3
1672,Fluctuating,48,31,34,1
1673,Fluctuating,49,92,72,7
1674,Fluctuating,48,40,38,7
1675,Fluctuating,69,84,69,3
1676,Fluctuating,69,95,57,9
1677,Fluctuating,68,79,52,4
1678,Fluctuating,51,84,68,1
1679,Fluctuating,76,93,76,4
1680,Fluctuating,85,94,47,7
1681,Fluctuating,74,76,32,1
1682,Fluctuating,76,91,75,6
1683,Fluctuating,47,91,74,2
1684,Fluctuating,49,97,78,5
1685,Fluctuating,69,96,35,9
1686,Fluctuating,79,41,45,8
1687,Fluctuating,80,39,73,9
1688,Fluctuating,77,69,69,1
1689,Fluctuating,61,98,79,1
1690,Fluctuating,70,88,62,8
1691,Fluctuating,76,72,56,6
1692,Fluctuating,58,67,40,1
1693,Fluctuating,84,68,76,10
1694,Fluctuating,56,37,70,8
1695,Fluctuating,77,51,66,1
1696,Fluctuating,82,67,77,10
1697,Fluctuating,41,66,61,2
1698,Fluctuating,48,94,34,5
1699,Fluctuating,56,46,69,5
1700,Fluctuating,57,62,30,2
1701,Fluctuating,78,52,67,3
1702,Fluctuating,82,87,53,3
1703,Fluctuating,56,60,61,3
1704,Fluctuating,73,34,51,2
1705,Fluctuating,49,49,61,7
1706,Fluctuating,89,79,45,8
1707,Fluctuating,86,51,43,10
1708,Fluctuating,86,74,33,5
1709,Fluctuating,88,44,33,3
1710,Fluctuating,69,81,60,5
1711,Fluctuating,70,98,44,7
1712,Fluctuating,83,79,60,5
1713,Fluctuating,49,97,57,1
1714,Fluctuating,58,87,54,6
1715,Fluctuating,73,35,36,9
1716,Fluctuating,80,75,57,10
1717,Fluctuating,81,64,51,5
1718,Fluctuating,57,42,46,10
1719,Fluctuating,65,89,79,4
1720,Fluctuating,86,54,63,6
1721,Fluctuating,83,53,50,9
1722,Fluctuating,40,31,34,1
1723,Fluctuating,66,42,63,2
1724,Fluctuating,83,87,52,4
1725,Fluctuating,86,66,46,4
1726,Fluctuating,42,33,69,2
1727,Fluctuating,43,57,68,2
1728,Fluctuating,85,45,35,10
1729,Fluctuating,48,78,72,10
1730,Fluctuating,51,44,74,3
1731,Fluctuating,56,67,59,2
1732,Fluctuating,80,88,47,7
1733,Fluctuating,84,71,46,3
1734,Fluctuating,89,39,47,1
1735,Fluctuating,64,79,51,1
1736,Fluctuating,56,63,41,8
1737,Fluctuating,44,92,42,10
1738,Fluctuating,65,52,71,8
1739,Fluctuating,46,48,64,7
1740,Fluctuating,53,43,58,5
1741,Fluctuating,46,34,34,2
1742,Fluctuating,76,62,79,8
1743,Fluctuating,41,93,39,1
1744,Fluctuating,42,79,47,3
1745,Fluctuating,84,72,55,10
1746,Fluctuating,40,95,75,8
1747,Fluctuating,70,85,55,2
1748,Fluctuating,74,58,30,7
1749,Fluctuating,84,91,37,10
1750,Fluctuating,74,75,51,5
1751,Fluctuating,65,37,70,2
1752,Fluctuating,63,98,51,2
1753,Fluctuating,69,67,71,4
1754,Fluctuating,51,100,32,7
1755,Fluctuating,82,54,49,7
1756,Fluctuating,46,75,61,2
1757,Fluctuating,80,86,77,4
1758,Fluctuating,48,34,42,1
1759,Fluctuating,86,60,61,7
1760,Fluctuating,44,99,71,5
1761,Fluctuating,71,98,58,1
1762,Fluctuating,42,73,33,6
1763,Fluctuating,90,35,55,2
1764,Fluctuating,53,96,59,9
1765,Fluctuating,49,59,34,1
1766,Fluctuating,87,48,61,1
1767,Fluctuating,70,35,45,3
1768,Fluctuating,40,52,70,1
1769,Fluctuating,59,42,59,10
1770,Fluctuating,50,38,36,2
1771,Fluctuating,71,58,34,4
1772,Fluctuating,67,73,77,7
1773,Fluctuating,60,45,73,10
1774,Fluctuating,74,47,50,4
1775,Fluctuating,88,35,67,3
1776,Fluctuating,61,38,37,5
1777,Fluctuating,49,83,40,6
1778,Fluctuating,75,51,58,4
1779,Fluctuating,77,35,38,2
1780,Fluctuating,90,78,79,3
1781,Fluctuating,41,92,35,1
1782,Fluctuating,40,52,35,10
1783,Fluctuating,58,83,74,8
1784,Fluctuating,84,46,43,3
1785,Fluctuating,80,64,63,8
1786,Fluctuating,66,60,41,10
1787,Fluctuating,84,34,68,3
1788,Fluctuating,85,93,69,2
1789,Fluctuating,80,68,52,7
1790,Fluctuating,40,60,42,2
1791,Fluctuating,73,42,69,6
1792,Fluctuating,88,99,62,4
1793,Fluctuating,69,56,47,1
1794,Fluctuating,52,44,80,3
1795,Fluctuating,83,90,61,3
1796,Fluctuating,50,35,33,6
1797,Fluctuating,58,56,57,5
1798,Fluctuating,61,88,32,2
1799,Fluctuating,87,36,64,3
1800,Fluctuating,50,33,61,9
1801,Fluctuating,47,39,45,8
1802,Fluctuating,77,71,56,4
1803,Fluctuating,87,71,44,2
1804,Fluctuating,60,59,36,4
1805,Fluctuating,87,82,42,7
1806,Fluctuating,54,39,60,10
1807,Fluctuating,71,36,57,3
1808,Fluctuating,53,88,41,7
1809,Fluctuating,63,47,59,4
1810,Fluctuating,80,75,47,4
1811,Fluctuating,61,46,32,10
1812,Fluctuating,43,65,38,2
1813,Fluctuating,69,88,56,3
1814,Fluctuating,88,73,44,5
1815,Fluctuating,78,50,80,10
1816,Fluctuating,50,100,44,2
1817,Fluctuating,66,96,61,4
1818,Fluctuating,77,90,59,5
1819,Fluctuating,40,84,77,4
1820,Fluctuating,55,71,57,10
1821,Fluctuating,54,49,66,1
1822,Fluctuating,66,35,32,8
1823,Fluctuating,86,94,32,7
1824,Fluctuating,73,80,60,2
1825,Fluctuating,68,93,45,2
1826,Fluctuating,75,31,74,7
1827,Fluctuating,53,46,52,5
1828,Fluctuating,55,41,31,8
1829,Fluctuating,82,69,40,8
1830,Fluctuating,76,33,59,8
1831,Fluctuating,89,47,75,7
1832,Fluctuating,51,77,70,8
1833,Fluctuating,85,30,70,2
1834,Fluctuating,64,72,63,1
1835,Fluctuating,58,84,78,5
1836,Fluctuating,84,99,66,4
1837,Fluctuating,90,40,69,6
1838,Fluctuating,87,37,62,6
1839,Fluctuating,43,44,54,6
1840,Fluctuating,69,35,53,6
1841,Fluctuating,51,38,65,4
1842,Fluctuating,48,72,45,9
1843,Fluctuating,47,91,77,10
1844,Fluctuating,84,56,78,4
1845,Fluctuating,60,75,47,9
1846,Fluctuating,83,84,47,1
1847,Fluctuating,44,77,52,8
1848,Fluctuating,71,94,63,2
1849,Fluctuating,70,98,73,9
1850,Fluctuating,58,87,69,6
1851,Fluctuating,83,38,42,8
1852,Fluctuating,45,40,55,3
1853,Fluctuating,58,39,36,3
1854,Fluctuating,57,44,74,3
1855,Fluctuating,71,49,43,9
1856,Fluctuating,80,32,48,7
1857,Fluctuating,83,99,38,8
1858,Fluctuating,62,83,58,1
1859,Fluctuating,58,54,34,1
1860,Fluctuating,54,96,71,6
1861,Fluctuating,66,73,71,6
1862,Fluctuating,71,97,65,8
1863,Fluctuating,69,68,66,3
1864,Fluctuating,90,69,40,5
1865,Fluctuating,54,91,53,5
1866,Fluctuating,89,36,39,6
1867,Fluctuating,58,88,40,10
1868,Fluctuating,50,98,48,3
1869,Fluctuating,51,49,40,4
1870,Fluctuating,47,35,50,10
1871,Fluctuating,48,86,46,6
1872,Fluctuating,51,56,65,1
1873,Fluctuating,82,70,52,3
1874,Fluctuating,63,87,64,3
1875,Fluctuating,74,68,37,1
1876,Fluctuating,65,93,79,3
1877,Fluctuating,69,70,39,1
1878,Fluctuating,87,99,62,6
1879,Fluctuating,81,67,60,5
1880,Fluctuating,88,48,66,8
1881,Fluctuating,61,44,76,8
1882,Fluctuating,42,47,73,9
1883,Fluctuating,47,69,31,7
1884,Fluctuating,79,58,58,6
1885,Fluctuating,45,71,33,10
1886,Fluctuating,81,54,67,9
1887,Fluctuating,54,65,42,1
1888,Fluctuating,45,98,58,2
1889,Fluctuating,72,80,42,8
1890,Fluctuating,60,95,33,6
1891,Fluctuating,65,48,75,7
1892,Fluctuating,63,79,53,1
1893,Fluctuating,58,74,52,5
1894,Fluctuating,68,41,43,8
1895,Fluctuating,87,83,58,5
1896,Fluctuating,50,84,76,7
1897,Fluctuating,48,41,39,4
1898,Fluctuating,59,90,63,6
1899,Fluctuating,44,78,35,1
1900,Fluctuating,66,64,56,3
1901,Fluctuating,75,89,75,10
1902,Fluctuating,88,47,42,3
1903,Fluctuating,64,67,65,8
1904,Fluctuating,42,68,67,5
1905,Fluctuating,71,89,44,1
1906,Fluctuating,90,30,39,5
1907,Fluctuating,59,90,37,5
1908,Fluctuating,66,52,61,4
1909,Fluctuating,41,45,78,5
1910,Fluctuating,71,38,68,6
1911,Fluctuating,77,91,66,7
1912,Fluctuating,56,90,74,2
1913,Fluctuating,63,95,76,10
1914,Fluctuating,41,63,40,10
1915,Fluctuating,43,48,50,8
1916,Fluctuating,84,47,52,3
1917,Fluctuating,43,64,53,7
1918,Fluctuating,80,75,33,5
1919,Fluctuating,58,97,70,2
1920,Fluctuating,72,54,79,3
1921,Fluctuating,88,42,68,3
1922,Fluctuating,74,71,50,5
1923,Fluctuating,57,76,36,9
1924,Fluctuating,77,75,39,1
1925,Fluctuating,48,96,48,6
1926,Fluctuating,89,92,56,6
1927,Fluctuating,50,43,43,3
1928,Fluctuating,72,58,42,9
1929,Fluctuating,79,97,64,9
1930,Fluctuating,84,44,56,8
1931,Fluctuating,44,44,38,1
1932,Fluctuating,70,74,49,6
1933,Fluctuating,48,86,68,9
1934,Fluctuating,88,73,41,5
1935,Fluctuating,41,45,44,3
1936,Fluctuating,84,48,74,4
1937,Fluctuating,59,46,43,3
1938,Fluctuating,45,84,74,2
1939,Fluctuating,44,32,79,8
1940,Fluctuating,88,85,32,4
1941,Fluctuating,46,34,80,9
1942,Fluctuating,77,37,60,2
1943,Fluctuating,56,35,34,5
1944,Fluctuating,82,31,78,2
1945,Fluctuating,90,45,68,4
1946,Fluctuating,77,55,41,6
1947,Fluctuating,41,41,39,5
1948,Fluctuating,77,74,52,3
1949,Fluctuating,72,60,62,10
1950,Fluctuating,44,42,67,1
1951,Fluctuating,73,57,75,4
1952,Fluctuating,58,51,78,9
1953,Fluctuating,40,42,43,9
1954,Fluctuating,85,90,53,10
1955,Fluctuating,51,86,73,2
1956,Fluctuating,51,75,54,7
1957,Fluctuating,53,95,44,7
1958,Fluctuating,47,70,37,8
1959,Fluctuating,47,96,38,8
1960,Fluctuating,88,76,75,5
1961,Fluctuating,75,35,35,6
1962,Fluctuating,71,44,54,5
1963,Fluctuating,69,69,73,8
1964,Fluctuating,54,100,56,5
1965,Fluctuating,67,54,34,8
1966,Fluctuating,83,77,41,1
1967,Fluctuating,83,92,73,2
1968,Fluctuating,65,86,63,2
1969,Fluctuating,47,48,55,7
1970,Fluctuating,84,43,77,3
1971,Fluctuating,44,76,42,6
1972,Fluctuating,52,81,37,4
1973,Fluctuating,67,93,47,10
1974,Fluctuating,77,64,78,7
1975,Fluctuating,62,90,72,10
1976,Fluctuating,65,92,62,5
1977,Fluctuating,49,88,36,2
1978,Fluctuating,56,92,61,4
1979,Fluctuating,80,47,31,2
1980,Fluctuating,87,36,34,8
1981,Fluctuating,83,33,41,7
1982,Fluctuating,78,71,39,5
1983,Fluctuating,79,42,78,2
1984,Fluctuating,82,96,79,8
1985,Fluctuating,90,89,42,5
1986,Fluctuating,82,93,61,9
1987,Fluctuating,56,99,51,9
1988,Fluctuating,74,32,78,1
1989,Fluctuating,67,45,54,8
1990,Fluctuating,60,78,58,8
1991,Fluctuating,42,34,41,9
1992,Fluctuating,82,68,75,3
1993,Fluctuating,71,85,38,5
1994,Fluctuating,85,79,61,2
1995,Fluctuating,76,92,72,9
1996,Fluctuating,83,99,66,8
1997,Fluctuating,70,50,62,1
1998,Fluctuating,65,63,61,10
1999,Fluctuating,64,75,79,5
2000,Fluctuating,60,37,31,10
2001,Congested,11,152,83,6
2002,Congested,35,126,81,7
2003,Congested,13,229,82,6
2004,Congested,23,209,63,4
2005,Congested,17,180,79,10
2006,Congested,12,136,79,2
2007,Congested,20,163,61,9
2008,Congested,20,129,89,7
2009,Congested,28,227,77,1
2010,Congested,32,240,61,6
2011,Congested,22,219,80,10
2012,Congested,13,245,66,4
2013,Congested,20,247,92,6
2014,Congested,15,196,83,7
2015,Congested,16,247,64,9
2016,Congested,16,193,76,1
2017,Congested,19,222,74,10
2018,Congested,33,143,66,10
2019,Congested,20,189,64,10
2020,Congested,35,241,87,4
2021,Congested,21,139,79,9
2022,Congested,35,196,87,9
2023,Congested,20,171,86,7
2024,Congested,18,236,95,3
2025,Congested,38,124,93,3
2026,Congested,28,247,73,8
2027,Congested,18,231,63,9
2028,Congested,16,213,89,3
2029,Congested,17,158,79,7
2030,Congested,23,201,64,4
2031,Congested,37,225,77,5
2032,Congested,30,161,76,10
2033,Congested,17,223,75,2
2034,Congested,14,169,61,4
2035,Congested,35,199,89,8
2036,Congested,27,231,87,1
2037,Congested,16,160,77,3
2038,Congested,10,186,77,9
2039,Congested,15,130,91,1
2040,Congested,11,141,80,10
2041,Congested,19,136,86,6
2042,Congested,31,143,85,3
2043,Congested,17,148,92,2
2044,Congested,26,184,91,2
2045,Congested,17,151,80,6
2046,Congested,36,219,75,7
2047,Congested,16,156,66,3
2048,Congested,16,190,88,7
2049,Congested,18,134,91,9
2050,Congested,21,148,80,9
2051,Congested,23,241,75,5
2052,Congested,38,157,83,8
2053,Congested,32,214,79,1
2054,Congested,30,128,63,4
2055,Congested,18,218,79,6
2056,Congested,38,151,94,4
2057,Congested,37,233,84,1
2058,Congested,39,220,76,5
2059,Congested,12,180,79,4
2060,Congested,37,161,88,6
2061,Congested,38,224,62,5
2062,Congested,37,140,91,8
2063,Congested,33,225,81,7
2064,Congested,38,145,70,5
2065,Congested,26,136,82,7
2066,Congested,29,203,89,1
2067,Congested,34,133,71,8
2068,Congested,35,154,60,7
2069,Congested,16,198,80,10
2070,Congested,12,148,70,4
2071,Congested,26,153,86,6
2072,Congested,24,242,68,5
2073,Congested,15,203,78,4
2074,Congested,12,226,83,3
2075,Congested,22,216,74,1
2076,Congested,40,125,95,10
2077,Congested,30,178,65,8
2078,Congested,16,187,70,1
2079,Congested,22,229,76,3
2080,Congested,12,214,70,10
2081,Congested,13,123,93,7
2082,Congested,34,236,91,2
2083,Congested,17,172,72,5
2084,Congested,19,246,84,3
2085,Congested,23,172,73,5
2086,Congested,33,168,86,3
2087,Congested,23,157,61,5
2088,Congested,18,180,88,4
2089,Congested,21,237,65,1
2090,Congested,25,154,80,7
2091,Congested,31,174,84,7
2092,Congested,33,185,64,2
2093,Congested,27,135,63,6
2094,Congested,39,180,90,6
2095,Congested,29,131,60,5
2096,Congested,26,217,79,7
2097,Congested,31,214,68,9
2098,Congested,11,165,76,3
2099,Congested,26,246,81,8
2100,Congested,14,142,80,9
2101,Congested,23,156,76,2
2102,Congested,20,131,68,8
2103,Congested,37,191,83,7
2104,Congested,19,187,76,9
2105,Congested,20,231,70,6
2106,Congested,33,245,69,9
2107,Congested,37,232,63,4
2108,Congested,14,133,74,3
2109,Congested,11,240,76,3
2110,Congested,32,239,87,2
2111,Congested,38,246,62,8
2112,Congested,21,244,89,8
2113,Congested,13,157,67,6
2114,Congested,12,172,78,3
2115,Congested,36,163,92,5
2116,Congested,28,174,60,9
2117,Congested,34,166,86,2
2118,Congested,17,247,66,6
2119,Congested,10,192,67,7
2120,Congested,21,147,80,3
2121,Congested,10,140,89,8
2122,Congested,24,188,60,6
2123,Congested,11,235,80,10
2124,Congested,14,174,63,5
2125,Congested,20,134,64,9
2126,Congested,40,217,65,7
2127,Congested,18,165,75,7
2128,Congested,12,125,73,3
2129,Congested,22,223,78,3
2130,Congested,13,196,91,7
2131,Congested,33,199,68,6
2132,Congested,31,144,83,9
2133,Congested,16,245,88,7
2134,Congested,25,188,87,2
2135,Congested,34,228,83,10
2136,Congested,15,231,87,2
2137,Congested,11,207,89,4
2138,Congested,30,159,91,9
2139,Congested,30,141,78,8
2140,Congested,23,140,90,5
2141,Congested,14,152,79,4
2142,Congested,26,229,78,10
2143,Congested,11,139,62,9
2144,Congested,13,250,87,7
2145,Congested,13,238,76,6
2146,Congested,18,140,92,1
2147,Congested,13,238,71,3
2148,Congested,36,220,62,2
2149,Congested,23,196,80,10
2150,Congested,33,236,88,10
2151,Congested,35,187,81,3
2152,Congested,16,167,65,10
2153,Congested,18,147,87,9
2154,Congested,10,121,85,2
2155,Congested,10,163,90,8
2156,Congested,32,223,91,5
2157,Congested,29,212,85,5
2158,Congested,12,152,68,1
2159,Congested,16,148,61,4
2160,Congested,37,126,73,8
2161,Congested,30,157,75,7
2162,Congested,36,168,65,5
2163,Congested,34,238,69,8
2164,Congested,23,125,67,3
2165,Congested,38,159,88,8
2166,Congested,25,125,88,10
2167,Congested,17,171,78,10
2168,Congested,36,220,63,6
2169,Congested,10,146,87,7
2170,Congested,37,246,95,5
2171,Congested,11,244,85,8
2172,Congested,26,244,74,1
2173,Congested,26,124,87,10
2174,Congested,20,136,77,7
2175,Congested,38,241,67,8
2176,Congested,29,208,88,7
2177,Congested,10,161,78,4
2178,Congested,25,208,88,4
2179,Congested,26,176,81,10
2180,Congested,37,239,68,5
2181,Congested,33,219,86,6
2182,Congested,35,240,70,10
2183,Congested,16,192,65,8
2184,Congested,14,164,72,3
2185,Congested,29,245,66,7
2186,Congested,40,246,79,4
2187,Congested,16,132,61,6
2188,Congested,38,186,82,3
2189,Congested,15,248,62,2
2190,Congested,20,230,67,10
2191,Congested,17,150,95,4
2192,Congested,25,186,81,6
2193,Congested,34,131,95,5
2194,Congested,38,158,92,10
2195,Congested,31,146,63,8
2196,Congested,35,237,67,2
2197,Congested,35,146,95,1
2198,Congested,26,146,70,2
2199,Congested,37,172,83,3
2200,Congested,33,194,88,9
2201,Congested,25,145,69,6
2202,Congested,20,155,67,4
2203,Congested,24,226,60,4
2204,Congested,36,241,81,5
2205,Congested,26,163,65,5
2206,Congested,21,226,83,4
2207,Congested,14,227,74,3
2208,Congested,35,229,86,7
2209,Congested,38,237,93,6
2210,Congested,40,127,88,3
2211,Congested,34,122,93,2
2212,Congested,12,206,80,7
2213,Congested,34,162,87,1
2214,Congested,22,129,69,10
2215,Congested,11,195,86,7
2216,Congested,38,197,80,6
2217,Congested,10,191,93,10
2218,Congested,39,157,85,8
2219,Congested,30,172,94,10
2220,Congested,35,233,82,7
2221,Congested,34,170,79,2
2222,Congested,11,205,84,3
2223,Congested,26,192,73,2
2224,Congested,26,199,93,6
2225,Congested,34,160,61,1
2226,Congested,38,186,75,5
2227,Congested,33,228,92,2
2228,Congested,33,135,83,5
2229,Congested,30,249,82,2
2230,Congested,11,151,88,5
2231,Congested,28,121,89,6
2232,Congested,17,179,82,5
2233,Congested,19,155,84,9
2234,Congested,33,183,66,6
2235,Congested,26,169,83,8
2236,Congested,13,157,87,7
2237,Congested,12,143,63,7
2238,Congested,38,153,90,4
2239,Congested,24,139,83,9
2240,Congested,22,221,76,10
2241,Congested,25,228,88,8
2242,Congested,33,226,70,3
2243,Congested,26,152,91,8
2244,Congested,14,150,73,8
2245,Congested,25,128,70,9
2246,Congested,21,150,86,2
2247,Congested,13,214,78,1
2248,Congested,26,159,67,6
2249,Congested,19,215,79,5
2250,Congested,25,127,69,3
2251,Congested,35,227,63,5
2252,Congested,38,192,73,3
2253,Congested,36,245,60,2
2254,Congested,27,209,64,1
2255,Congested,23,243,79,10
2256,Congested,24,206,84,8
2257,Congested,36,153,68,9
2258,Congested,30,237,88,8
2259,Congested,14,203,65,10
2260,Congested,31,224,84,4
2261,Congested,38,221,81,9
2262,Congested,11,233,77,2
2263,Congested,37,162,61,10
2264,Congested,30,199,95,2
2265,Congested,30,141,72,10
2266,Congested,27,133,93,4
2267,Congested,34,241,92,1
2268,Congested,13,166,61,5
2269,Congested,35,172,75,10
2270,Congested,24,141,94,10
2271,Congested,20,222,62,8
2272,Congested,37,125,81,7
2273,Congested,15,226,61,9
2274,Congested,20,217,76,2
2275,Congested,13,145,94,3
2276,Congested,19,156,71,5
2277,Congested,34,142,69,5
2278,Congested,40,224,70,1
2279,Congested,29,203,71,1
2280,Congested,32,134,79,7
2281,Congested,13,201,69,7
2282,Congested,38,202,76,7
2283,Congested,40,150,63,4
2284,Congested,17,180,91,9
2285,Congested,34,249,84,2
2286,Congested,18,135,80,8
2287,Congested,27,224,64,8
2288,Congested,10,224,74,1
2289,Congested,18,145,75,9
2290,Congested,30,152,79,10
2291,Congested,23,234,65,9
2292,Congested,16,156,83,9
2293,Congested,15,182,94,7
2294,Congested,40,235,62,1
2295,Congested,36,238,78,3
2296,Congested,10,135,90,5
2297,Congested,29,184,84,6
2298,Congested,36,174,92,5
2299,Congested,11,161,94,10
2300,Congested,12,196,65,7
2301,Congested,32,151,68,9
2302,Congested,18,230,73,10
2303,Congested,26,201,81,5
2304,Congested,34,235,77,4
2305,Congested,31,202,81,4
2306,Congested,24,204,61,3
2307,Congested,30,120,90,1
2308,Congested,38,122,71,7
2309,Congested,27,245,85,9
2310,Congested,12,139,94,1
2311,Congested,38,233,67,6
2312,Congested,36,216,82,7
2313,Congested,15,122,67,8
2314,Congested,21,169,88,1
2315,Congested,17,125,77,6
2316,Congested,16,143,79,4
2317,Congested,17,246,83,1
2318,Congested,18,246,73,1
2319,Congested,16,221,67,5
2320,Congested,28,248,91,3
2321,Congested,27,169,71,2
2322,Congested,28,152,64,3
2323,Congested,18,178,93,5
2324,Congested,16,125,94,10
2325,Congested,18,236,60,7
2326,Congested,30,133,80,7
2327,Congested,37,224,77,2
2328,Congested,31,239,91,6
2329,Congested,26,131,74,1
2330,Congested,18,227,94,8
2331,Congested,20,121,85,4
2332,Congested,20,140,61,4
2333,Congested,32,228,64,4
2334,Congested,16,162,81,5
2335,Congested,12,144,61,8
2336,Congested,23,126,81,5
2337,Congested,17,147,90,4
2338,Congested,40,207,63,6
2339,Congested,26,180,64,10
2340,Congested,29,232,66,8
2341,Congested,28,151,65,1
2342,Congested,39,128,84,6
2343,Congested,38,136,68,1
2344,Congested,39,233,63,5
2345,Congested,29,230,64,2
2346,Congested,31,134,95,1
2347,Congested,19,217,85,2
2348,Congested,29,225,74,10
2349,Congested,35,122,89,7
2350,Congested,24,229,66,6
2351,Congested,30,126,89,9
2352,Congested,20,169,66,2
2353,Congested,10,137,72,10
2354,Congested,14,250,76,6
2355,Congested,23,243,88,3
2356,Congested,17,155,62,1
2357,Congested,14,199,87,9
2358,Congested,40,211,79,10
2359,Congested,38,157,69,8
2360,Congested,19,207,78,6
2361,Congested,10,157,63,4
2362,Congested,26,133,87,6
2363,Congested,16,171,72,2
2364,Congested,20,168,90,8
2365,Congested,29,204,81,10
2366,Congested,19,227,81,3
2367,Congested,13,236,62,8
2368,Congested,17,120,74,4
2369,Congested,24,174,75,8
2370,Congested,33,204,84,4
2371,Congested,22,167,60,6
2372,Congested,10,138,82,1
2373,Congested,27,149,69,5
2374,Congested,24,169,83,1
2375,Congested,10,170,72,5
2376,Congested,15,176,76,3
2377,Congested,20,182,71,4
2378,Congested,10,165,76,2
2379,Congested,10,155,84,2
2380,Congested,20,173,79,8
2381,Congested,17,214,83,3
2382,Congested,40,231,64,2
2383,Congested,14,153,72,4
2384,Congested,27,216,83,6
2385,Congested,29,229,75,1
2386,Congested,34,168,94,5
2387,Congested,35,158,80,4
2388,Congested,11,191,68,9
2389,Congested,40,245,73,2
2390,Congested,35,240,64,3
2391,Congested,26,219,92,6
2392,Congested,25,238,71,6
2393,Congested,32,215,93,8
2394,Congested,32,246,90,5
2395,Congested,28,222,62,4
2396,Congested,17,171,88,4
2397,Congested,22,175,79,7
2398,Congested,38,216,70,6
2399,Congested,18,141,68,2
2400,Congested,19,233,93,6
2401,Congested,17,130,89,9
2402,Congested,29,206,87,8
2403,Congested,24,230,86,6
2404,Congested,35,247,80,5
2405,Congested,22,126,71,8
2406,Congested,17,187,64,6
2407,Congested,38,141,78,9
2408,Congested,26,140,77,4
2409,Congested,13,150,64,6
2410,Congested,11,171,81,4
2411,Congested,31,204,76,5
2412,Congested,33,190,72,10
2413,Congested,14,186,60,5
2414,Congested,19,208,85,7
2415,Congested,36,123,90,9
2416,Congested,34,158,85,4
2417,Congested,17,173,90,4
2418,Congested,26,239,89,6
2419,Congested,35,141,80,4
2420,Congested,23,226,73,8
2421,Congested,24,127,83,3
2422,Congested,28,152,79,1
2423,Congested,25,210,81,4
2424,Congested,23,228,85,9
2425,Congested,19,203,61,10
2426,Congested,35,128,68,3
2427,Congested,40,204,85,7
2428,Congested,16,220,64,9
2429,Congested,22,168,90,2
2430,Congested,20,235,79,2
2431,Congested,15,146,95,3
2432,Congested,11,245,61,3
2433,Congested,16,137,84,5
2434,Congested,16,179,78,9
2435,Congested,12,236,63,6
2436,Congested,26,122,70,6
2437,Congested,37,225,85,3
2438,Congested,13,153,94,7
2439,Congested,25,137,84,4
2440,Congested,14,172,79,7
2441,Congested,36,241,70,10
2442,Congested,28,199,72,9
2443,Congested,32,237,77,4
2444,Congested,10,156,88,2
2445,Congested,36,222,75,9
2446,Congested,20,245,89,8
2447,Congested,28,130,65,5
2448,Congested,30,236,82,5
2449,Congested,22,164,86,4
2450,Congested,15,230,89,7
2451,Congested,39,166,66,7
2452,Congested,32,131,75,3
2453,Congested,18,194,64,4
2454,Congested,39,246,86,9
2455,Congested,13,214,64,2
2456,Congested,26,203,86,8
2457,Congested,15,184,73,9
2458,Congested,11,238,61,2
2459,Congested,30,238,84,6
2460,Congested,33,222,72,7
2461,Congested,11,122,76,2
2462,Congested,32,154,80,8
2463,Congested,25,238,64,2
2464,Congested,27,182,88,3
2465,Congested,25,191,70,3
2466,Congested,36,124,66,3
2467,Congested,19,151,94,7
2468,Congested,15,139,60,5
2469,Congested,14,232,82,3
2470,Congested,16,128,94,4
2471,Congested,24,132,93,2
2472,Congested,22,198,88,1
2473,Congested,29,121,63,7
2474,Congested,34,171,75,6
2475,Congested,39,181,72,2
2476,Congested,10,227,61,1
2477,Congested,20,169,64,4
2478,Congested,40,144,70,3
2479,Congested,11,226,92,2
2480,Congested,36,203,80,9
2481,Congested,30,168,73,9
2482,Congested,22,229,67,4
2483,Congested,16,147,82,6
2484,Congested,15,123,85,6
2485,Congested,10,219,73,8
2486,Congested,17,136,77,10
2487,Congested,21,131,64,4
2488,Congested,23,197,91,2
2489,Congested,32,163,76,2
2490,Congested,29,203,84,3
2491,Congested,20,164,80,8
2492,Congested,12,205,61,10
2493,Congested,39,234,84,9
2494,Congested,30,179,92,10
2495,Congested,32,123,74,1
2496,Congested,29,151,79,4
2497,Congested,33,229,75,10
2498,Congested,12,135,68,6
2499,Congested,25,195,72,3
2500,Congested,22,172,62,4
2501,Congested,39,233,81,3
2502,Congested,18,201,62,9
2503,Congested,35,226,78,1
2504,Congested,17,204,81,4
2505,Congested,16,133,75,4
2506,Congested,29,217,93,6
2507,Congested,15,233,60,2
2508,Congested,37,245,64,4
2509,Congested,11,156,73,3
2510,Congested,12,164,95,4
2511,Congested,17,249,65,7
2512,Congested,33,239,79,3
2513,Congested,33,170,75,7
2514,Congested,15,183,79,5
2515,Congested,28,234,72,5
2516,Congested,37,243,65,6
2517,Congested,22,216,70,8
2518,Congested,24,228,92,10
2519,Congested,33,230,69,8
2520,Congested,10,217,87,2
2521,Congested,34,196,94,3
2522,Congested,27,164,76,7
2523,Congested,24,198,89,5
2524,Congested,22,243,64,6
2525,Congested,14,240,72,3
2526,Congested,39,168,60,1
2527,Congested,37,248,83,8
2528,Congested,22,226,85,6
2529,Congested,22,245,79,10
2530,Congested,12,224,62,2
2531,Congested,22,161,72,7
2532,Congested,40,185,82,9
2533,Congested,32,245,83,1
2534,Congested,30,218,87,4
2535,Congested,17,242,62,6
2536,Congested,30,127,69,5
2537,Congested,29,236,69,5
2538,Congested,17,161,60,2
2539,Congested,34,143,84,7
2540,Congested,32,140,93,4
2541,Congested,38,228,70,7
2542,Congested,18,197,92,9
2543,Congested,31,217,79,7
2544,Congested,34,142,66,10
2545,Congested,34,208,69,5
2546,Congested,33,173,85,5
2547,Congested,10,163,91,1
2548,Congested,13,137,86,9
2549,Congested,23,193,87,3
2550,Congested,15,215,71,3
2551,Congested,16,244,71,9
2552,Congested,40,148,88,10
2553,Congested,36,174,71,4
2554,Congested,11,166,72,5
2555,Congested,38,224,88,10
2556,Congested,13,162,65,5
2557,Congested,12,216,67,5
2558,Congested,12,207,61,10
2559,Congested,17,242,91,2
2560,Congested,10,135,77,1
2561,Congested,31,130,66,4
2562,Congested,26,121,84,10
2563,Congested,26,188,91,8
2564,Congested,34,206,87,6
2565,Congested,21,207,80,4
2566,Congested,40,212,85,7
2567,Congested,29,134,82,6
2568,Congested,35,145,60,8
2569,Congested,37,222,68,1
2570,Congested,29,151,93,5
2571,Congested,40,183,83,8
2572,Congested,29,241,92,7
2573,Congested,31,168,60,6
2574,Congested,10,212,62,6
2575,Congested,31,233,74,10
2576,Congested,25,222,65,6
2577,Congested,23,241,66,7
2578,Congested,19,169,69,9
2579,Congested,38,249,62,3
2580,Congested,25,142,79,9
2581,Congested,37,239,70,8
2582,Congested,40,149,90,9
2583,Congested,17,182,73,3
2584,Congested,34,142,66,7
2585,Congested,32,127,70,6
2586,Congested,38,218,77,4
2587,Congested,33,185,90,2
2588,Congested,31,154,94,8
2589,Congested,12,205,74,10
2590,Congested,34,136,81,7
2591,Congested,39,217,95,7
2592,Congested,35,179,74,5
2593,Congested,13,194,65,2
2594,Congested,12,207,72,2
2595,Congested,28,214,68,6
2596,Congested,40,217,60,5
2597,Congested,11,168,84,7
2598,Congested,20,213,68,9
2599,Congested,31,176,66,7
2600,Congested,10,237,80,3
2601,Congested,36,195,74,8
2602,Congested,31,236,69,10
2603,Congested,19,157,62,10
2604,Congested,20,199,92,2
2605,Congested,18,242,73,8
2606,Congested,19,216,63,6
2607,Congested,14,173,74,1
2608,Congested,39,165,91,7
2609,Congested,19,160,61,9
2610,Congested,22,206,87,8
2611,Congested,21,220,85,2
2612,Congested,26,192,78,4
2613,Congested,32,220,66,3
2614,Congested,20,133,79,8
2615,Congested,30,161,68,8
2616,Congested,32,243,78,3
2617,Congested,16,175,72,1
2618,Congested,21,146,69,7
2619,Congested,40,229,70,1
2620,Congested,13,211,90,3
2621,Congested,40,133,67,9
2622,Congested,30,206,87,3
2623,Congested,30,223,75,1
2624,Congested,13,181,85,8
2625,Congested,19,164,84,2
2626,Congested,34,238,84,5
2627,Congested,30,233,83,1
2628,Congested,13,149,65,2
2629,Congested,25,250,74,1
2630,Congested,28,242,77,2
2631,Congested,35,166,84,8
2632,Congested,30,231,79,10
2633,Congested,14,145,80,2
2634,Congested,32,167,85,1
2635,Congested,22,245,64,9
2636,Congested,36,151,73,2
2637,Congested,15,166,60,9
2638,Congested,24,200,67,1
2639,Congested,14,172,70,2
2640,Congested,27,185,62,2
2641,Congested,13,249,79,6
2642,Congested,40,163,87,1
2643,Congested,17,196,62,9
2644,Congested,38,195,94,8
2645,Congested,14,245,80,9
2646,Congested,39,210,94,9
2647,Congested,16,145,62,4
2648,Congested,11,168,69,5
2649,Congested,37,175,68,10
2650,Congested,27,175,82,5
2651,Congested,14,228,64,9
2652,Congested,18,186,84,3
2653,Congested,22,236,65,5
2654,Congested,31,228,69,9
2655,Congested,16,138,77,4
2656,Congested,32,215,92,10
2657,Congested,15,227,69,6
2658,Congested,35,231,84,1
2659,Congested,40,183,64,5
2660,Congested,13,148,95,7
2661,Congested,12,204,65,6
2662,Congested,39,205,77,3
2663,Congested,37,177,77,1
2664,Congested,13,216,74,7
2665,Congested,40,146,67,3
2666,Congested,26,198,91,2
2667,Congested,26,209,78,9
2668,Congested,18,145,63,3
2669,Congested,20,219,71,6
2670,Congested,35,223,90,10
2671,Congested,14,186,60,9
2672,Congested,32,159,68,3
2673,Congested,22,188,63,6
2674,Congested,32,183,86,8
2675,Congested,15,232,82,8
2676,Congested,26,193,77,7
2677,Congested,26,178,79,2
2678,Congested,40,198,86,6
2679,Congested,37,143,65,2
2680,Congested,33,181,65,3
2681,Congested,28,134,65,5
2682,Congested,27,246,60,7
2683,Congested,31,250,68,8
2684,Congested,25,151,85,1
2685,Congested,29,168,60,7
2686,Congested,32,208,75,9
2687,Congested,31,130,88,3
2688,Congested,31,177,71,2
2689,Congested,21,154,92,6
2690,Congested,40,133,87,8
2691,Congested,22,163,83,2
2692,Congested,20,183,94,2
2693,Congested,19,196,90,5
2694,Congested,18,174,60,10
2695,Congested,22,175,79,9
2696,Congested,36,129,89,10
2697,Congested,37,244,63,6
2698,Congested,10,237,81,5
2699,Congested,21,147,60,6
2700,Congested,38,167,85,6
2701,Congested,10,145,87,8
2702,Congested,16,141,93,9
2703,Congested,38,159,86,2
2704,Congested,39,244,60,3
2705,Congested,34,184,74,8
2706,Congested,22,215,79,6
2707,Congested,23,166,94,5
2708,Congested,13,232,88,3
2709,Congested,14,210,87,1
2710,Congested,21,170,67,4
2711,Congested,19,130,68,7
2712,Congested,23,204,62,3
2713,Congested,31,170,90,5
2714,Congested,13,227,91,9
2715,Congested,25,152,80,7
2716,Congested,26,219,68,2
2717,Congested,40,147,61,3
2718,Congested,14,208,92,1
2719,Congested,34,180,63,6
2720,Congested,23,122,87,8
2721,Congested,19,192,91,2
2722,Congested,34,229,75,10
2723,Congested,14,250,71,4
2724,Congested,18,149,76,4
2725,Congested,31,229,72,8
2726,Congested,32,146,92,10
2727,Congested,15,168,69,4
2728,Congested,13,153,85,1
2729,Congested,18,169,69,7
2730,Congested,10,171,65,1
2731,Congested,22,224,93,5
2732,Congested,32,179,74,6
2733,Congested,23,242,63,9
2734,Congested,23,133,79,2
2735,Congested,18,213,77,6
2736,Congested,32,227,75,6
2737,Congested,38,132,71,1
2738,Congested,10,133,80,4
2739,Congested,19,240,77,10
2740,Congested,13,230,71,5
2741,Congested,40,245,83,6
2742,Congested,19,148,66,1
2743,Congested,31,153,81,6
2744,Congested,33,212,93,10
2745,Congested,21,180,77,4
2746,Congested,28,218,65,2
2747,Congested,14,150,62,10
2748,Congested,40,168,72,8
2749,Congested,39,145,64,9
2750,Congested,29,207,79,8
2751,Congested,34,171,94,3
2752,Congested,11,152,72,7
2753,Congested,27,184,95,6
2754,Congested,38,213,88,2
2755,Congested,39,231,64,8
2756,Congested,23,248,61,3
2757,Congested,29,190,68,5
2758,Congested,11,135,72,7
2759,Congested,25,139,70,8
2760,Congested,34,250,84,9
2761,Congested,34,219,85,10
2762,Congested,18,172,71,1
2763,Congested,15,175,60,9
2764,Congested,24,248,93,5
2765,Congested,19,176,78,5
2766,Congested,27,150,70,4
2767,Congested,11,180,78,1
2768,Congested,30,157,77,3
2769,Congested,18,133,75,4
2770,Congested,27,149,60,6
2771,Congested,30,214,80,2
2772,Congested,40,187,68,7
2773,Congested,38,195,80,1
2774,Congested,30,122,82,4
2775,Congested,33,191,71,5
2776,Congested,10,147,84,5
2777,Congested,37,172,88,4
2778,Congested,20,188,73,10
2779,Congested,30,221,69,8
2780,Congested,17,231,83,3
2781,Congested,38,242,65,8
2782,Congested,15,237,71,3
2783,Congested,16,245,71,5
2784,Congested,10,199,70,3
2785,Congested,36,220,72,2
2786,Congested,14,138,87,4
2787,Congested,24,223,66,9
2788,Congested,14,123,66,7
2789,Congested,22,125,67,1
2790,Congested,34,131,68,4
2791,Congested,34,141,77,3
2792,Congested,40,123,60,2
2793,Congested,27,206,65,4
2794,Congested,14,242,88,3
2795,Congested,19,204,90,3
2796,Congested,17,134,94,5
2797,Congested,30,151,61,1
2798,Congested,13,195,66,9
2799,Congested,38,226,69,1
2800,Congested,39,177,61,4
2801,Congested,23,218,69,6
2802,Congested,30,193,74,7
2803,Congested,31,148,91,3
2804,Congested,13,177,66,5
2805,Congested,21,139,81,2
2806,Congested,21,141,62,10
2807,Congested,14,165,87,9
2808,Congested,20,166,87,3
2809,Congested,38,197,78,6
2810,Congested,38,146,77,8
2811,Congested,31,214,76,2
2812,Congested,35,120,69,3
2813,Congested,20,157,84,8
2814,Congested,33,242,64,2
2815,Congested,28,229,77,3
2816,Congested,12,202,68,3
2817,Congested,34,218,82,6
2818,Congested,25,228,90,7
2819,Congested,29,205,68,4
2820,Congested,22,227,95,8
2821,Congested,27,246,94,9
2822,Congested,36,178,84,2
2823,Congested,28,227,93,10
2824,Congested,34,176,65,4
2825,Congested,21,120,73,1
2826,Congested,21,241,68,2
2827,Congested,11,209,83,3
2828,Congested,19,237,69,9
2829,Congested,39,227,75,4
2830,Congested,36,177,63,3
2831,Congested,13,156,84,1
2832,Congested,32,228,83,1
2833,Congested,32,147,64,8
2834,Congested,36,160,61,3
2835,Congested,21,156,65,4
2836,Congested,12,123,86,3
2837,Congested,34,166,90,3
2838,Congested,33,196,90,7
2839,Congested,33,206,88,1
2840,Congested,19,148,69,1
2841,Congested,38,128,71,9
2842,Congested,15,122,85,7
2843,Congested,31,236,95,5
2844,Congested,39,248,79,4
2845,Congested,23,160,77,2
2846,Congested,26,216,68,4
2847,Congested,22,134,74,7
2848,Congested,15,139,89,8
2849,Congested,20,223,84,3
2850,Congested,11,215,87,4
2851,Congested,18,147,66,2
2852,Congested,21,205,61,4
2853,Congested,19,161,94,2
2854,Congested,12,174,60,5
2855,Congested,16,171,62,4
2856,Congested,18,141,62,10
2857,Congested,35,243,62,1
2858,Congested,20,143,79,1
2859,Congested,21,192,85,9
2860,Congested,16,200,85,6
2861,Congested,14,144,81,7
2862,Congested,38,248,66,9
2863,Congested,35,158,61,10
2864,Congested,35,217,90,10
2865,Congested,37,129,78,3
2866,Congested,14,238,65,2
2867,Congested,40,179,73,3
2868,Congested,34,161,92,9
2869,Congested,33,207,88,3
2870,Congested,20,194,83,10
2871,Congested,37,230,62,7
2872,Congested,17,173,64,3
2873,Congested,28,247,66,1
2874,Congested,14,199,95,2
2875,Congested,25,144,89,6
2876,Congested,15,195,70,2
2877,Congested,18,213,82,2
2878,Congested,12,165,89,5
2879,Congested,25,185,88,3
2880,Congested,40,151,91,1
2881,Congested,21,193,85,7
2882,Congested,37,153,88,6
2883,Congested,26,200,83,2
2884,Congested,31,225,92,8
2885,Congested,18,130,63,4
2886,Congested,32,122,69,2
2887,Congested,19,216,70,10
2888,Congested,22,138,74,7
2889,Congested,37,238,65,6
2890,Congested,24,239,94,8
2891,Congested,13,141,71,2
2892,Congested,39,221,87,4
2893,Congested,22,204,64,6
2894,Congested,20,244,73,8
2895,Congested,13,191,89,1
2896,Congested,27,159,90,3
2897,Congested,30,174,80,10
2898,Congested,11,217,63,6
2899,Congested,35,230,90,4
2900,Congested,11,174,61,7
2901,Congested,18,184,71,2
2902,Congested,14,137,77,7
2903,Congested,12,196,88,7
2904,Congested,26,174,76,3
2905,Congested,36,133,65,7
2906,Congested,20,196,70,4
2907,Congested,21,227,90,8
2908,Congested,27,161,87,6
2909,Congested,39,219,60,9
2910,Congested,35,170,64,10
2911,Congested,29,157,80,6
2912,Congested,10,158,89,3
2913,Congested,25,201,67,7
2914,Congested,18,120,88,3
2915,Congested,30,235,66,1
2916,Congested,16,168,86,9
2917,Congested,34,162,84,4
2918,Congested,21,173,72,10
2919,Congested,40,123,83,6
2920,Congested,10,197,79,9
2921,Congested,36,151,91,8
2922,Congested,23,225,82,6
2923,Congested,36,229,93,6
2924,Congested,13,165,89,7
2925,Congested,21,165,95,10
2926,Congested,15,231,84,5
2927,Congested,37,231,78,10
2928,Congested,40,145,65,2
2929,Congested,12,124,86,2
2930,Congested,25,145,88,9
2931,Congested,28,128,78,7
2932,Congested,16,177,89,9
2933,Congested,22,149,72,8
2934,Congested,40,151,82,8
2935,Congested,23,221,60,6
2936,Congested,35,177,92,5
2937,Congested,18,187,79,7
2938,Congested,31,181,60,7
2939,Congested,11,123,61,3
2940,Congested,35,215,93,10
2941,Congested,20,205,70,10
2942,Congested,23,181,95,7
2943,Congested,16,220,63,10
2944,Congested,23,152,84,3
2945,Congested,22,201,93,3
2946,Congested,23,179,66,3
2947,Congested,26,150,85,5
2948,Congested,36,160,80,4
2949,Congested,12,143,61,7
2950,Congested,10,159,61,10
2951,Congested,32,140,84,1
2952,Congested,33,153,89,6
2953,Congested,15,181,74,5
2954,Congested,16,182,84,5
2955,Congested,31,133,77,2
2956,Congested,39,156,61,10
2957,Congested,37,146,67,8
2958,Congested,39,151,66,3
2959,Congested,19,187,71,2
2960,Congested,12,246,83,4
2961,Congested,22,145,91,1
2962,Congested,23,138,91,2
2963,Congested,16,227,84,6
2964,Congested,30,235,70,3
2965,Congested,19,122,71,10
2966,Congested,30,128,67,6
2967,Congested,21,243,94,1
2968,Congested,15,185,67,4
2969,Congested,29,127,94,1
2970,Congested,26,159,73,6
2971,Congested,13,175,61,6
2972,Congested,14,176,65,3
2973,Congested,18,190,90,4
2974,Congested,40,143,82,9
2975,Congested,30,195,89,8
2976,Congested,23,222,72,5
2977,Congested,15,170,77,7
2978,Congested,13,199,70,4
2979,Congested,40,244,87,8
2980,Congested,23,189,80,10
2981,Congested,13,218,87,4
2982,Congested,28,210,83,2
2983,Congested,24,162,62,9
2984,Congested,18,224,78,10
2985,Congested,36,210,85,1
2986,Congested,13,166,80,7
2987,Congested,35,167,82,4
2988,Congested,12,175,83,6
2989,Congested,14,200,67,1
2990,Congested,20,122,81,4
2991,Congested,24,202,74,9
2992,Congested,12,218,78,10
2993,Congested,16,175,66,9
2994,Congested,18,139,86,7
2995,Congested,20,201,72,4
2996,Congested,11,246,91,1
2997,Congested,18,227,67,2
2998,Congested,24,163,80,10
2999,Congested,22,180,61,5
3000,Congested,10,121,89,5
